municipality_code,poi_count
43047,1
50551,1
50539,1
50493,1
50484,1
50481,1
50480,1
50471,1
50463,1
50447,1
50574,1
50436,1
50422,1
50417,1
50412,1
50408,1
50342,1
50332,1
50296,1
50288,1
50283,1
50426,1
50584,1
50585,1
50598,1
51269,1
51266,1
51242,1
51217,1
51185,1
51162,1
51152,1
51135,1
51074,1
51055,1
51053,1
51047,1
51036,1
51016,1
51014,1
51012,1
51009,1
51002,1
50641,1
50616,1
50599,1
50282,1
50267,1
50265,1
50259,1
49353,1
49343,1
49333,1
49269,1
49259,1
49248,1
49235,1
49224,1
49223,1
49217,1
49214,1
49201,1
49183,1
49180,1
49155,1
49127,1
49110,1
49109,1
49086,1
49082,1
49068,1
49355,1
51309,1
49358,1
49368,1
50252,1
50222,1
50197,1
50176,1
50165,1
50164,1
50151,1
50143,1
50139,1
50117,1
50115,1
50110,1
50102,1
50098,1
50081,1
50077,1
50076,1
50033,1
50030,1
50015,1
50002,1
49364,1
49063,1
51318,1
51352,1
53255,1
53229,1
53211,1
53201,1
53185,1
53175,1
53172,1
53161,1
53153,1
53257,1
53133,1
53119,1
53107,1
53089,1
53084,1
53072,1
53034,1
53033,1
53022,1
53016,1
53125,1
53258,1
53262,1
54022,1
54329,1
54327,1
54318,1
54275,1
54257,1
54250,1
54232,1
54186,1
54165,1
54160,1
54150,1
54145,1
54128,1
54106,1
54099,1
54090,1
54054,1
54042,1
54040,1
54039,1
54024,1
53013,1
53005,1
52550,1
52547,1
52062,1
52045,1
52028,1
52008,1
51660,1
51621,1
51569,1
51559,1
51535,1
51495,1
51492,1
51486,1
51474,1
51449,1
51428,1
51417,1
51402,1
51390,1
51380,1
51373,1
51357,1
52127,1
51334,1
52155,1
52177,1
52525,1
52520,1
52512,1
52455,1
52449,1
52416,1
52411,1
52405,1
52380,1
52364,1
52331,1
52305,1
52294,1
52250,1
52246,1
52233,1
52211,1
52200,1
52185,1
52183,1
52178,1
52170,1
49061,1
49029,1
49022,1
46137,1
46129,1
46126,1
46109,1
46108,1
46107,1
46101,1
46098,1
46094,1
46155,1
46088,1
46080,1
46074,1
46073,1
46072,1
46068,1
46066,1
46061,1
46059,1
46055,1
46086,1
46159,1
46163,1
46170,1
46263,1
46262,1
46257,1
46253,1
46239,1
46237,1
46236,1
46225,1
46217,1
46213,1
46212,1
46207,1
46199,1
46192,1
46191,1
46184,1
46180,1
46179,1
46177,1
46176,1
46175,1
46047,1
46037,1
46036,1
46035,1
45213,1
45203,1
45200,1
45191,1
45175,1
45154,1
45153,1
45148,1
45147,1
45146,1
45127,1
45116,1
45115,1
45093,1
45089,1
45087,1
45084,1
45061,1
45047,1
45040,1
45036,1
45216,1
46265,1
45245,1
45271,1
46033,1
46022,1
46021,1
46020,1
46018,1
46016,1
46015,1
46011,1
46005,1
46001,1
45346,1
45338,1
45327,1
45311,1
45297,1
45290,1
45286,1
45285,1
45284,1
45282,1
45272,1
45248,1
46276,1
46302,1
46304,1
48082,1
48079,1
48065,1
48048,1
48041,1
48018,1
48016,1
48015,1
48012,1
48008,1
47325,1
47318,1
47312,1
47310,1
47299,1
47292,1
47284,1
47281,1
47269,1
47251,1
47250,1
48090,1
47247,1
48091,1
48098,1
49015,1
49008,1
49002,1
48188,1
48185,1
48176,1
48174,1
48173,1
48171,1
48166,1
48150,1
48147,1
48144,1
48141,1
48137,1
48130,1
48127,1
48126,1
48115,1
48112,1
48105,1
48097,1
54331,1
47246,1
47230,1
47102,1
47101,1
47075,1
47072,1
47052,1
47045,1
47043,1
47037,1
47025,1
47019,1
47017,1
47012,1
47004,1
47003,1
46337,1
46334,1
46328,1
46321,1
46318,1
46307,1
46305,1
47103,1
47233,1
47106,1
47130,1
47228,1
47217,1
47214,1
47211,1
47210,1
47208,1
47207,1
47203,1
47202,1
47186,1
47174,1
47171,1
47169,1
47168,1
47159,1
47157,1
47155,1
47152,1
47147,1
47143,1
47133,1
47128,1
54343,1
54357,1
54364,1
59353,1
59340,1
59331,1
59325,1
59318,1
59312,1
59310,1
59299,1
59288,1
59360,1
59279,1
59272,1
59270,1
59268,1
59257,1
59250,1
59238,1
59234,1
59230,1
59226,1
59277,1
59366,1
59375,1
59383,1
59527,1
59525,1
59523,1
59519,1
59508,1
59507,1
59501,1
59497,1
59481,1
59472,1
59468,1
59457,1
59449,1
59445,1
59439,1
59436,1
59426,1
59418,1
59416,1
59401,1
59397,1
59225,1
59222,1
59220,1
59210,1
58289,1
58278,1
58267,1
58266,1
58262,1
58260,1
58244,1
58243,1
58235,1
58227,1
58220,1
58218,1
58211,1
58210,1
58204,1
58195,1
58171,1
58151,1
58146,1
58142,1
58140,1
58292,1
59534,1
58301,1
58305,1
59198,1
59196,1
59193,1
59187,1
59170,1
59162,1
59160,1
59136,1
59130,1
59111,1
59094,1
59093,1
59090,1
59070,1
59065,1
59062,1
59035,1
59026,1
59025,1
59023,1
59006,1
58304,1
59535,1
59551,1
59577,1
61028,1
61007,1
60695,1
60670,1
60667,1
60636,1
60613,1
60610,1
60603,1
60601,1
60590,1
60581,1
60577,1
60570,1
60557,1
60548,1
60526,1
60524,1
60509,1
60483,1
60482,1
61061,1
60481,1
61074,1
61077,1
61394,1
61389,1
61388,1
61386,1
61382,1
61344,1
61341,1
61324,1
61294,1
61278,1
61240,1
61214,1
61211,1
61156,1
61139,1
61126,1
61117,1
61116,1
61096,1
61084,1
61078,1
61075,1
58131,1
60464,1
60444,1
60060,1
60055,1
60027,1
60025,1
60013,1
60009,1
60005,1
59669,1
59664,1
59662,1
59661,1
59653,1
59652,1
59648,1
59641,1
59628,1
59627,1
59611,1
59590,1
59584,1
59582,1
60061,1
60462,1
60064,1
60103,1
60441,1
60423,1
60415,1
60411,1
60402,1
60338,1
60309,1
60305,1
60293,1
60271,1
60245,1
60231,1
60223,1
60190,1
60176,1
60167,1
60157,1
60151,1
60150,1
60142,1
60139,1
60083,1
45031,1
58118,1
58110,1
56077,1
56070,1
56062,1
56048,1
56046,1
56044,1
56039,1
56035,1
56032,1
56081,1
56031,1
56023,1
56017,1
56011,1
56010,1
56001,1
55583,1
55571,1
55566,1
55551,1
56024,1
56085,1
56086,1
56088,1
56165,1
56164,1
56158,1
56157,1
56154,1
56153,1
56149,1
56148,1
56140,1
56137,1
56131,1
56130,1
56126,1
56123,1
56122,1
56101,1
56097,1
56096,1
56091,1
56090,1
56089,1
55547,1
55544,1
55536,1
55533,1
55114,1
55105,1
55102,1
55097,1
55093,1
55078,1
55060,1
55054,1
55047,1
55038,1
54584,1
54578,1
54549,1
54547,1
54440,1
54418,1
54415,1
54397,1
54373,1
54371,1
54367,1
55118,1
56169,1
55119,1
55145,1
55527,1
55506,1
55492,1
55490,1
55467,1
55462,1
55427,1
55416,1
55410,1
55406,1
55386,1
55383,1
55350,1
55341,1
55306,1
55262,1
55246,1
55236,1
55228,1
55214,1
55188,1
55124,1
56170,1
56172,1
56173,1
57620,1
57612,1
57571,1
57564,1
57549,1
57544,1
57540,1
57534,1
57515,1
57511,1
57505,1
57499,1
57489,1
57483,1
57476,1
57456,1
57437,1
57427,1
57395,1
57383,1
57382,1
57645,1
57375,1
57650,1
57659,1
58104,1
58092,1
58079,1
58072,1
58069,1
58066,1
58065,1
58052,1
58039,1
58017,1
58014,1
58010,1
58008,1
58003,1
58001,1
57760,1
57742,1
57733,1
57721,1
57712,1
57664,1
57655,1
58117,1
57368,1
57315,1
57033,1
57028,1
56264,1
56263,1
56254,1
56247,1
56244,1
56229,1
56226,1
56225,1
56224,1
56212,1
56211,1
56209,1
56205,1
56203,1
56197,1
56196,1
56185,1
56180,1
56174,1
57049,1
57358,1
57073,1
57115,1
57307,1
57306,1
57303,1
57301,1
57300,1
57287,1
57253,1
57212,1
57209,1
57207,1
57200,1
57180,1
57171,1
57168,1
57153,1
57145,1
57143,1
57132,1
57124,1
57121,1
57119,1
57106,1
61438,1
45029,1
45015,1
35361,1
35358,1
35352,1
35340,1
35339,1
35338,1
35328,1
35327,1
35314,1
36017,1
35308,1
35300,1
35299,1
35289,1
35285,1
35282,1
35279,1
35271,1
35270,1
35253,1
35306,1
36023,1
36031,1
36035,1
36163,1
36159,1
36153,1
36129,1
36128,1
36127,1
36124,1
36119,1
36118,1
36117,1
36114,1
36113,1
36103,1
36093,1
36091,1
36088,1
36083,1
36069,1
36056,1
36053,1
36041,1
35245,1
35242,1
35228,1
35223,1
35090,1
35084,1
35075,1
35071,1
35069,1
35066,1
35056,1
35050,1
35046,1
35033,1
35031,1
35029,1
35023,1
35016,1
35013,1
35010,1
35005,1
34341,1
34338,1
34337,1
34325,1
35092,1
36165,1
35096,1
35109,1
35220,1
35210,1
35208,1
35207,1
35201,1
35191,1
35184,1
35181,1
35179,1
35177,1
35171,1
35167,1
35162,1
35153,1
35150,1
35132,1
35131,1
35127,1
35116,1
35111,1
35110,1
35103,1
34317,1
36168,1
36180,1
38040,1
38039,1
38036,1
38020,1
38012,1
38010,1
38001,1
37282,1
37281,1
38044,1
37273,1
37257,1
37249,1
37248,1
37233,1
37231,1
37225,1
37220,1
37219,1
37217,1
37270,1
38051,1
38061,1
38073,1
38157,1
38155,1
38154,1
38150,1
38140,1
38130,1
38127,1
38117,1
38115,1
38114,1
38113,1
38108,1
38107,1
38105,1
38095,1
38094,1
38092,1
38090,1
38078,1
38077,1
38075,1
37212,1
37205,1
37202,1
37200,1
37070,1
37065,1
37062,1
37061,1
37060,1
37059,1
37058,1
37056,1
37051,1
37049,1
37038,1
37026,1
37022,1
37001,1
36234,1
36231,1
36227,1
36224,1
36207,1
36204,1
36195,1
37077,1
36176,1
37081,1
37089,1
37198,1
37196,1
37195,1
37194,1
37192,1
37181,1
37179,1
37178,1
37147,1
37141,1
37139,1
37136,1
37131,1
37129,1
37128,1
37126,1
37113,1
37111,1
37110,1
37095,1
37093,1
37086,1
34311,1
34304,1
34302,1
33001,1
32444,1
32442,1
32427,1
32426,1
32424,1
32417,1
32410,1
32404,1
33012,1
32401,1
32383,1
32375,1
32357,1
32348,1
32285,1
32283,1
32269,1
32248,1
32242,1
32398,1
33015,1
33019,1
33021,1
33200,1
33186,1
33175,1
33170,1
33168,1
33167,1
33159,1
33130,1
33119,1
33118,1
33108,1
33081,1
33080,1
33078,1
33073,1
33069,1
33066,1
33057,1
33039,1
33034,1
33029,1
32194,1
32193,1
32186,1
32176,1
31574,1
31557,1
31553,1
31535,1
31525,1
31524,1
31523,1
31517,1
31503,1
31500,1
31478,1
31476,1
31470,1
31469,1
31465,1
31462,1
31458,1
31454,1
31445,1
31444,1
31431,1
31575,1
33208,1
31582,1
31588,1
32157,1
32148,1
32139,1
32133,1
32128,1
32127,1
32115,1
32111,1
32102,1
32100,1
32096,1
32088,1
32085,1
32080,1
32079,1
32045,1
32041,1
32036,1
32020,1
32016,1
32001,1
31585,1
33213,1
33218,1
33221,1
34182,1
34178,1
34175,1
34169,1
34166,1
34161,1
34158,1
34153,1
34146,1
34143,1
34140,1
34130,1
34127,1
34123,1
34119,1
34117,1
34113,1
34111,1
34110,1
34104,1
34089,1
34183,1
34088,1
34197,1
34206,1
34292,1
34289,1
34276,1
34272,1
34271,1
34264,1
34253,1
34246,1
34245,1
34237,1
34236,1
34235,1
34232,1
34229,1
34224,1
34220,1
34219,1
34217,1
34213,1
34211,1
34210,1
34203,1
38158,1
34080,1
34067,1
33444,1
33422,1
33400,1
33391,1
33385,1
33376,1
33370,1
33366,1
33337,1
33325,1
33324,1
33320,1
33319,1
33317,1
33310,1
33305,1
33299,1
33285,1
33280,1
33260,1
33233,1
33447,1
34075,1
33456,1
33483,1
34060,1
34056,1
34055,1
34051,1
34049,1
34039,1
34038,1
34037,1
34033,1
34020,1
34018,1
34008,1
34007,1
33554,1
33548,1
33546,1
33539,1
33525,1
33521,1
33488,1
33484,1
33475,1
38173,1
38177,1
38180,1
42165,1
42163,1
42149,1
42147,1
42143,1
42140,1
42133,1
42127,1
42126,1
42166,1
42122,1
42110,1
42103,1
42095,1
42091,1
42089,1
42071,1
42070,1
42067,1
42059,1
42115,1
42170,1
42176,1
42177,1
42318,1
42310,1
42306,1
42298,1
42287,1
42283,1
42279,1
42277,1
42276,1
42271,1
42268,1
42246,1
42238,1
42233,1
42232,1
42230,1
42223,1
42221,1
42204,1
42201,1
42191,1
42056,1
42044,1
42039,1
42034,1
41180,1
41176,1
41161,1
41159,1
41154,1
41149,1
41148,1
41143,1
41137,1
41131,1
41129,1
41126,1
41106,1
41100,1
41095,1
41085,1
41084,1
41083,1
41080,1
41067,1
41063,1
41184,1
42329,1
41185,1
41207,1
42026,1
42023,1
42019,1
42015,1
42011,1
42005,1
41297,1
41296,1
41279,1
41275,1
41273,1
41271,1
41259,1
41252,1
41248,1
41246,1
41241,1
41238,1
41233,1
41217,1
41214,1
41204,1
42331,1
43002,1
43003,1
44057,1
44056,1
44052,1
44051,1
44046,1
44045,1
44041,1
44037,1
44022,1
44018,1
44005,1
44003,1
44001,1
43264,1
43241,1
43239,1
43237,1
43231,1
43230,1
43224,1
43220,1
44062,1
43216,1
44066,1
44096,1
45013,1
44217,1
44215,1
44213,1
44212,1
44194,1
44192,1
44189,1
44186,1
44185,1
44183,1
44173,1
44169,1
44164,1
44163,1
44159,1
44158,1
44128,1
44116,1
44114,1
44102,1
44082,1
41062,1
43213,1
43194,1
43089,1
43087,1
43083,1
43080,1
43073,1
43070,1
43066,1
43062,1
43056,1
43053,1
43052,1
43049,1
43042,1
43039,1
43034,1
43027,1
43026,1
43025,1
43013,1
43010,1
43005,1
43104,1
43200,1
43112,1
43121,1
43191,1
43190,1
43188,1
43187,1
43186,1
43174,1
43173,1
43170,1
43167,1
43160,1
43155,1
43152,1
43151,1
43148,1
43144,1
43143,1
43142,1
43141,1
43137,1
43130,1
43128,1
43114,1
45027,1
41049,1
41043,1
39016,1
39007,1
38562,1
38560,1
38559,1
38557,1
38553,1
38551,1
38546,1
39017,1
38543,1
38536,1
38530,1
38528,1
38516,1
38509,1
38505,1
38503,1
38494,1
38487,1
38539,1
39040,1
39048,1
39058,1
39223,1
39222,1
39221,1
39209,1
39207,1
39205,1
39191,1
39163,1
39149,1
39131,1
39129,1
39128,1
39124,1
39122,1
39109,1
39102,1
39086,1
39085,1
39070,1
39063,1
39061,1
38485,1
38469,1
38455,1
38453,1
38304,1
38289,1
38287,1
38284,1
38281,1
38280,1
38276,1
38272,1
38269,1
38265,1
38264,1
38259,1
38244,1
38228,1
38224,1
38219,1
38206,1
38204,1
38203,1
38190,1
38189,1
38311,1
39228,1
38315,1
38321,1
38451,1
38448,1
38434,1
38432,1
38419,1
38416,1
38413,1
38405,1
38403,1
38397,1
38383,1
38378,1
38370,1
38365,1
38358,1
38350,1
38347,1
38340,1
38331,1
38323,1
38322,1
38320,1
39229,1
39230,1
39233,1
40244,1
40243,1
40235,1
40233,1
40230,1
40226,1
40224,1
40216,1
40211,1
40207,1
40202,1
40196,1
40194,1
40185,1
40182,1
40167,1
40165,1
40164,1
40162,1
40158,1
40155,1
40245,1
40149,1
40246,1
40267,1
41034,1
41013,1
41010,1
41002,1
40322,1
40318,1
40309,1
40307,1
40300,1
40292,1
40284,1
40283,1
40282,1
40281,1
40280,1
40278,1
40277,1
40272,1
40271,1
40269,1
40268,1
40253,1
41044,1
40141,1
40123,1
39407,1
39403,1
39396,1
39392,1
39391,1
39373,1
39370,1
39367,1
39364,1
39356,1
39350,1
39344,1
39326,1
39318,1
39298,1
39297,1
39274,1
39263,1
39262,1
39259,1
39235,1
39408,1
40134,1
39409,1
39425,1
40114,1
40110,1
40103,1
40102,1
40089,1
40084,1
40075,1
40059,1
40057,1
40044,1
40034,1
40017,1
40006,1
39582,1
39560,1
39559,1
39550,1
39534,1
39523,1
39494,1
39451,1
39424,1
31420,1
61475,1
61501,1
80033,1
80025,1
79345,1
79306,1
79304,1
79293,1
79280,1
79257,1
79254,1
80038,1
79252,1
79208,1
79203,1
79201,1
79184,1
79179,1
79176,1
79170,1
79159,1
79125,1
79241,1
80040,1
80044,1
80045,1
80368,1
80367,1
80364,1
80317,1
80307,1
80295,1
80262,1
80261,1
80241,1
80231,1
80211,1
80199,1
80192,1
80184,1
80150,1
80149,1
80136,1
80126,1
80110,1
80092,1
80068,1
79109,1
79101,1
79090,1
79083,1
78415,1
78362,1
78361,1
78350,1
78343,1
78337,1
78335,1
78322,1
78310,1
78307,1
78255,1
78208,1
78194,1
78193,1
78168,1
78160,1
78146,1
78138,1
78124,1
78123,1
78092,1
78437,1
80373,1
78442,1
78522,1
79081,1
79080,1
79079,1
79077,1
79063,1
79057,1
79040,1
79025,1
79001,1
78688,1
78686,1
78672,1
78644,1
78642,1
78624,1
78623,1
78601,1
78575,1
78558,1
78537,1
78528,1
78502,1
78090,1
80378,1
80415,1
81292,1
81290,1
81286,1
81267,1
81247,1
81238,1
81233,1
81231,1
81225,1
81295,1
81222,1
81206,1
81203,1
81201,1
81170,1
81168,1
81165,1
81163,1
81156,1
81147,1
81218,1
81297,1
81308,1
81314,1
82157,1
82148,1
82144,1
82131,1
82125,1
82117,1
82090,1
82087,1
82086,1
82076,1
82063,1
82052,1
82027,1
82023,1
82019,1
82008,1
82002,1
81322,1
81317,1
81316,1
81315,1
81146,1
81140,1
81134,1
81128,1
80826,1
80812,1
80811,1
80808,1
80806,1
80779,1
80700,1
80694,1
80693,1
80691,1
80639,1
80637,1
80633,1
80630,1
80622,1
80584,1
80578,1
80570,1
80512,1
80498,1
80485,1
81003,1
80411,1
81005,1
81014,1
81120,1
81115,1
81112,1
81105,1
81101,1
81097,1
81086,1
81082,1
81079,1
81078,1
81076,1
81068,1
81067,1
81060,1
81049,1
81043,1
81042,1
81038,1
81037,1
81034,1
81016,1
81011,1
78030,1
77532,1
77520,1
76213,1
76209,1
76194,1
76159,1
76131,1
76117,1
76101,1
76075,1
76068,1
76227,1
76059,1
74307,1
74302,1
74293,1
74292,1
74289,1
74287,1
74276,1
74228,1
74224,1
74308,1
76244,1
76264,1
76269,1
76492,1
76482,1
76476,1
76469,1
76458,1
76447,1
76446,1
76429,1
76414,1
76413,1
76407,1
76403,1
76401,1
76397,1
76392,1
76377,1
76365,1
76355,1
76322,1
76321,1
76308,1
74220,1
74216,1
74213,1
74206,1
74042,1
74041,1
74040,1
74037,1
74030,1
74026,1
74025,1
74019,1
74003,1
74002,1
73329,1
73317,1
73300,1
73297,1
73294,1
73292,1
73278,1
73273,1
73269,1
73265,1
73250,1
74043,1
76498,1
74045,1
74050,1
74205,1
74196,1
74195,1
74183,1
74171,1
74167,1
74166,1
74160,1
74159,1
74156,1
74153,1
74141,1
74139,1
74138,1
74137,1
74135,1
74114,1
74097,1
74089,1
74086,1
74079,1
74049,1
76504,1
76541,1
76556,1
77365,1
77364,1
77358,1
77355,1
77347,1
77337,1
77301,1
77288,1
77280,1
77276,1
77275,1
77263,1
77262,1
77258,1
77256,1
77254,1
77244,1
77237,1
77231,1
77223,1
77216,1
77371,1
77214,1
77397,1
77418,1
77517,1
77514,1
77513,1
77483,1
77480,1
77479,1
77475,1
77470,1
77469,1
77467,1
77462,1
77461,1
77460,1
77459,1
77458,1
77445,1
77442,1
77441,1
77433,1
77432,1
77420,1
77405,1
82173,1
77211,1
77202,1
77016,1
77002,1
76748,1
76735,1
76726,1
76716,1
76708,1
76686,1
76684,1
76683,1
76647,1
76620,1
76617,1
76614,1
76613,1
76609,1
76605,1
76595,1
76567,1
76560,1
76557,1
77018,1
77208,1
77020,1
77032,1
77182,1
77181,1
77172,1
77159,1
77144,1
77142,1
77131,1
77107,1
77101,1
77098,1
77096,1
77093,1
77089,1
77086,1
77083,1
77072,1
77061,1
77060,1
77048,1
77046,1
77037,1
77025,1
82179,1
82184,1
82185,1
89122,1
89119,1
89102,1
89091,1
89075,1
89072,1
89039,1
89037,1
89021,1
89130,1
89007,1
88530,1
88513,1
88487,1
88463,1
88408,1
88406,1
88398,1
88391,1
88371,1
89005,1
89153,1
89155,1
89158,1
89393,1
89362,1
89349,1
89348,1
89347,1
89346,1
89324,1
89277,1
89267,1
89265,1
89259,1
89257,1
89254,1
89253,1
89238,1
89235,1
89234,1
89223,1
89204,1
89188,1
89186,1
88367,1
88361,1
88358,1
88350,1
88089,1
88085,1
88077,1
88061,1
88050,1
88037,1
88035,1
88033,1
88014,1
88009,1
88006,1
87202,1
87194,1
87192,1
87191,1
87189,1
87178,1
87177,1
87168,1
87167,1
87166,1
88094,1
89419,1
88098,1
88108,1
88332,1
88324,1
88320,1
88319,1
88310,1
88275,1
88269,1
88263,1
88251,1
88240,1
88238,1
88216,1
88206,1
88181,1
88176,1
88170,1
88165,1
88148,1
88135,1
88124,1
88109,1
88106,1
89420,1
89426,1
89433,1
93077,1
93072,1
93063,1
93050,1
93049,1
93046,1
93045,1
93030,1
93029,1
93010,1
92078,1
92072,1
92071,1
92032,1
92019,1
92014,1
91685,1
91661,1
91659,1
91657,1
91649,1
94001,1
91645,1
94004,1
94016,1
95612,1
95582,1
95580,1
95574,1
95523,1
95480,1
95394,1
95355,1
95353,1
95352,1
95348,1
95205,1
95088,1
95074,1
94077,1
94075,1
94073,1
94071,1
94070,1
94067,1
94042,1
94015,1
87158,1
91617,1
91589,1
91079,1
91041,1
91021,1
90082,1
90068,1
90056,1
90052,1
90033,1
90032,1
90017,1
90012,1
90001,1
89478,1
89474,1
89470,1
89462,1
89447,1
89445,1
89441,1
89436,1
89434,1
91097,1
91599,1
91105,1
91159,1
91568,1
91549,1
91538,1
91494,1
91471,1
91469,1
91468,1
91461,1
91434,1
91432,1
91425,1
91412,1
91390,1
91386,1
91318,1
91315,1
91275,1
91226,1
91198,1
91184,1
91179,1
91137,1
73246,1
87157,1
87153,1
85025,1
85024,1
85020,1
85018,1
85017,1
85008,1
84149,1
84147,1
84145,1
85029,1
84140,1
84128,1
84119,1
84116,1
84110,1
84107,1
84105,1
84103,1
84098,1
84097,1
84135,1
85034,1
85038,1
85042,1
85130,1
85121,1
85118,1
85112,1
85111,1
85108,1
85103,1
85102,1
85101,1
85099,1
85096,1
85090,1
85087,1
85078,1
85071,1
85070,1
85065,1
85064,1
85062,1
85054,1
85049,1
84079,1
84075,1
84073,1
84071,1
83092,1
83091,1
83088,1
83082,1
83081,1
83078,1
83072,1
83060,1
83057,1
83056,1
83054,1
83039,1
83037,1
83027,1
83013,1
83008,1
83005,1
83001,1
82189,1
82187,1
82186,1
83097,1
85132,1
83102,1
83124,1
84067,1
84066,1
84064,1
84063,1
84061,1
84059,1
84040,1
84033,1
84029,1
84026,1
84022,1
84021,1
84015,1
84013,1
84010,1
84009,1
83154,1
83145,1
83143,1
83141,1
83138,1
83106,1
85133,1
85138,1
85159,1
87024,1
87020,1
87018,1
87013,1
87012,1
87002,1
86289,1
86285,1
86257,1
86253,1
86252,1
86249,1
86245,1
86229,1
86222,1
86214,1
86213,1
86203,1
86196,1
86181,1
86171,1
87027,1
86167,1
87029,1
87042,1
87150,1
87146,1
87140,1
87126,1
87122,1
87119,1
87116,1
87110,1
87107,1
87106,1
87104,1
87101,1
87090,1
87087,1
87083,1
87082,1
87065,1
87060,1
87059,1
87053,1
87046,1
87041,1
87154,1
86163,1
86160,1
85293,1
85290,1
85282,1
85277,1
85274,1
85273,1
85269,1
85261,1
85260,1
85242,1
85240,1
85238,1
85223,1
85216,1
85214,1
85213,1
85210,1
85202,1
85201,1
85169,1
85167,1
85297,1
86161,1
85301,1
86005,1
86157,1
86152,1
86133,1
86131,1
86111,1
86109,1
86103,1
86083,1
86082,1
86078,1
86050,1
86049,1
86031,1
86025,1
86022,1
86019,1
86018,1
86017,1
86016,1
86015,1
86014,1
86003,1
61494,1
73240,1
73233,1
65146,1
65116,1
65112,1
65098,1
65078,1
65077,1
65070,1
65058,1
65055,1
65182,1
65050,1
65036,1
65029,1
65022,1
65012,1
65006,1
65003,1
64557,1
64543,1
64533,1
65046,1
65197,1
65205,1
65211,1
65396,1
65379,1
65371,1
65366,1
65354,1
65353,1
65352,1
65344,1
65340,1
65339,1
65334,1
65315,1
65305,1
65296,1
65287,1
65271,1
65257,1
65251,1
65241,1
65218,1
65215,1
64519,1
64513,1
64512,1
64490,1
64287,1
64284,1
64283,1
64273,1
64269,1
64240,1
64237,1
64230,1
64224,1
64223,1
64209,1
64206,1
64175,1
64154,1
64150,1
64149,1
64133,1
64130,1
64128,1
64127,1
64110,1
64289,1
65408,1
64299,1
64310,1
64481,1
64476,1
64450,1
64436,1
64432,1
64428,1
64407,1
64405,1
64396,1
64364,1
64360,1
64354,1
64350,1
64342,1
64330,1
64328,1
64324,1
64322,1
64318,1
64315,1
64314,1
64304,1
64093,1
65411,1
65417,1
67083,1
67076,1
67074,1
67068,1
67065,1
67062,1
67058,1
67057,1
67051,1
67090,1
67046,1
67025,1
67023,1
67022,1
67019,1
67018,1
67008,1
67004,1
67003,1
66231,1
67043,1
67094,1
67101,1
67103,1
67223,1
67215,1
67212,1
67208,1
67205,1
67183,1
67168,1
67163,1
67156,1
67155,1
67151,1
67143,1
67137,1
67135,1
67133,1
67132,1
67131,1
67127,1
67124,1
67118,1
67104,1
66230,1
66227,1
66217,1
66202,1
66074,1
66070,1
66068,1
66065,1
66064,1
66059,1
66057,1
66043,1
66033,1
66027,1
66020,1
66013,1
66010,1
66005,1
65473,1
65463,1
65452,1
65451,1
65447,1
65444,1
65424,1
66077,1
65413,1
66078,1
66081,1
66201,1
66194,1
66193,1
66191,1
66188,1
66185,1
66168,1
66161,1
66152,1
66147,1
66133,1
66132,1
66130,1
66126,1
66122,1
66107,1
66102,1
66099,1
66096,1
66095,1
66088,1
66080,1
64091,1
64086,1
64085,1
62726,1
62691,1
62676,1
62667,1
62662,1
62661,1
62660,1
62646,1
62643,1
62736,1
62638,1
62589,1
62579,1
62556,1
62552,1
62551,1
62535,1
62531,1
62528,1
62510,1
62604,1
62746,1
62753,1
62756,1
62881,1
62880,1
62877,1
62867,1
62856,1
62850,1
62845,1
62843,1
62842,1
62832,1
62827,1
62825,1
62819,1
62817,1
62812,1
62810,1
62806,1
62792,1
62773,1
62772,1
62764,1
62507,1
62503,1
62498,1
62488,1
62206,1
62203,1
62183,1
62174,1
62161,1
62158,1
62145,1
62128,1
62123,1
62114,1
62105,1
62099,1
62078,1
62060,1
62059,1
62057,1
62053,1
62052,1
62040,1
62036,1
62011,1
62215,1
62889,1
62235,1
62276,1
62474,1
62473,1
62472,1
62461,1
62451,1
62449,1
62444,1
62423,1
62412,1
62408,1
62403,1
62390,1
62388,1
62371,1
62367,1
62323,1
62300,1
62296,1
62295,1
62280,1
62279,1
62264,1
62894,1
62904,1
62906,1
63407,1
63402,1
63393,1
63389,1
63388,1
63381,1
63374,1
63345,1
63344,1
63341,1
63336,1
63331,1
63326,1
63323,1
63319,1
63314,1
63310,1
63309,1
63302,1
63291,1
63284,1
63412,1
63283,1
63415,1
63426,1
64084,1
64069,1
64068,1
64064,1
64057,1
64054,1
64047,1
64042,1
64039,1
64037,1
64036,1
64031,1
64028,1
64015,1
64011,1
64009,1
63469,1
63465,1
63463,1
63441,1
63439,1
63421,1
67230,1
63274,1
63270,1
63121,1
63118,1
63117,1
63111,1
63105,1
63099,1
63093,1
63090,1
63079,1
63072,1
63057,1
63055,1
63050,1
63043,1
63040,1
63027,1
63023,1
63013,1
63010,1
63002,1
62908,1
63130,1
63272,1
63132,1
63141,1
63265,1
63258,1
63255,1
63233,1
63226,1
63223,1
63219,1
63214,1
63205,1
63203,1
63195,1
63192,1
63189,1
63182,1
63179,1
63177,1
63173,1
63164,1
63163,1
63151,1
63150,1
63137,1
67234,1
67239,1
67242,1
71250,1
71249,1
71239,1
71235,1
71232,1
71231,1
71227,1
71220,1
71219,1
71254,1
71218,1
71213,1
71212,1
71201,1
71196,1
71192,1
71190,1
71187,1
71182,1
71178,1
71216,1
71268,1
71269,1
71272,1
71385,1
71382,1
71379,1
71373,1
71372,1
71360,1
71359,1
71354,1
71340,1
71331,1
71324,1
71319,1
71316,1
71310,1
71307,1
71305,1
71295,1
71294,1
71293,1
71284,1
71274,1
71177,1
71176,1
71174,1
71158,1
70582,1
70573,1
70525,1
70518,1
70513,1
70504,1
70498,1
70489,1
70482,1
70469,1
70467,1
70453,1
70451,1
70447,1
70442,1
70440,1
70421,1
70420,1
70419,1
70413,1
70408,1
71006,1
71393,1
71010,1
71024,1
71155,1
71151,1
71148,1
71143,1
71135,1
71133,1
71130,1
71120,1
71112,1
71101,1
71086,1
71079,1
71072,1
71070,1
71059,1
71058,1
71057,1
71048,1
71039,1
71032,1
71025,1
71012,1
71394,1
71398,1
71400,1
73071,1
73070,1
73067,1
73055,1
73039,1
73020,1
73019,1
73001,1
72386,1
72380,1
72373,1
72364,1
72363,1
72358,1
72344,1
72336,1
72335,1
72331,1
72294,1
72291,1
72278,1
73073,1
72262,1
73085,1
73091,1
73218,1
73215,1
73213,1
73211,1
73205,1
73194,1
73190,1
73184,1
73179,1
73171,1
73154,1
73146,1
73139,1
73128,1
73124,1
73123,1
73117,1
73113,1
73105,1
73100,1
73099,1
73088,1
70352,1
72260,1
72217,1
71551,1
71545,1
71538,1
71525,1
71519,1
71512,1
71509,1
71504,1
71497,1
71492,1
71482,1
71480,1
71466,1
71464,1
71460,1
71445,1
71440,1
71430,1
71419,1
71403,1
71402,1
71558,1
72223,1
71582,1
72021,1
72215,1
72213,1
72205,1
72197,1
72191,1
72187,1
72183,1
72182,1
72180,1
72179,1
72167,1
72158,1
72145,1
72124,1
72118,1
72115,1
72089,1
72080,1
72052,1
72035,1
72025,1
72005,1
73234,1
70312,1
70286,1
68175,1
68156,1
68150,1
68140,1
68138,1
68129,1
68120,1
68117,1
68115,1
68177,1
68106,1
68096,1
68089,1
68067,1
68060,1
68058,1
68056,1
68045,1
68043,1
68040,1
68102,1
68185,1
68186,1
68188,1
68294,1
68283,1
68278,1
68274,1
68266,1
68262,1
68258,1
68253,1
68251,1
68243,1
68237,1
68229,1
68223,1
68217,1
68210,1
68209,1
68204,1
68201,1
68195,1
68194,1
68193,1
68038,1
68026,1
68025,1
68021,1
67371,1
67370,1
67347,1
67340,1
67337,1
67330,1
67317,1
67313,1
67310,1
67309,1
67308,1
67305,1
67302,1
67296,1
67290,1
67276,1
67275,1
67268,1
67261,1
67248,1
67244,1
67378,1
68295,1
67392,1
67401,1
68004,1
67559,1
67536,1
67529,1
67520,1
67507,1
67501,1
67481,1
67480,1
67478,1
67471,1
67458,1
67446,1
67445,1
67443,1
67433,1
67430,1
67429,1
67416,1
67409,1
67405,1
67394,1
68304,1
68305,1
68315,1
69279,1
69268,1
69267,1
69256,1
69253,1
69248,1
69241,1
69238,1
69227,1
69220,1
69215,1
69209,1
69208,1
69207,1
69205,1
69199,1
69191,1
69184,1
69177,1
69173,1
69167,1
69280,1
69166,1
69289,1
69296,1
70242,1
70196,1
70189,1
70176,1
70166,1
70165,1
70137,1
70113,1
70104,1
70091,1
70089,1
70071,1
70069,1
70057,1
70056,1
70046,1
70042,1
70037,1
70023,1
70014,1
70013,1
69292,1
70287,1
69164,1
69157,1
69038,1
69033,1
69030,1
69027,1
69023,1
69021,1
69019,1
69017,1
69003,1
68381,1
68377,1
68376,1
68364,1
68359,1
68352,1
68349,1
68342,1
68328,1
68322,1
68318,1
68316,1
69040,1
69162,1
69043,1
69051,1
69154,1
69153,1
69143,1
69133,1
69127,1
69121,1
69115,1
69110,1
69108,1
69107,1
69105,1
69104,1
69099,1
69098,1
69097,1
69093,1
69092,1
69083,1
69082,1
69074,1
69067,1
69050,1
31412,1
95656,1
31399,1
24543,1
24544,1
24547,1
24549,1
11261,1
11254,1
11251,1
11243,1
11242,1
11238,1
24553,1
24555,1
24558,1
11232,1
11227,1
11225,1
24569,1
24571,1
24572,1
11221,1
24573,1
11217,1
24574,1
11215,1
24575,1
11211,1
24581,1
11201,1
24586,1
11269,1
11270,1
11279,1
11280,1
24403,1
24404,1
24405,1
24406,1
24409,1
24415,1
24419,1
24429,1
11353,1
24436,1
24437,1
24438,1
11351,1
24451,1
11198,1
11348,1
11344,1
11337,1
11332,1
11330,1
24482,1
24484,1
24485,1
11321,1
11320,1
11304,1
11299,1
24501,1
11289,1
11286,1
11346,1
11358,1
11194,1
11190,1
11099,1
25265,1
25271,1
11098,1
25273,1
25274,1
25275,1
25280,1
25284,1
25293,1
25295,1
25296,1
11088,1
25307,1
11085,1
25310,1
11074,1
25313,1
11068,1
25321,1
11060,1
25331,1
11056,1
25334,1
25345,1
25349,1
25356,1
25359,1
25362,1
11102,1
25251,1
25245,1
25230,1
25020,1
11189,1
25031,1
25043,1
11186,1
11183,1
25072,1
11181,1
11178,1
25112,1
11150,1
11146,1
11144,1
11140,1
25017,1
11136,1
25124,1
11129,1
25125,1
25127,1
25142,1
11125,1
25147,1
25151,1
25155,1
25157,1
11105,1
25160,1
25178,1
11103,1
25122,1
11053,1
24398,1
11360,1
24238,1
12162,1
12159,1
24243,1
24247,1
12157,1
12156,1
12150,1
12146,1
12140,1
24255,1
12136,1
24256,1
24257,1
24260,1
12127,1
12121,1
24264,1
24271,1
24272,1
24273,1
24277,1
24280,1
12104,1
24282,1
24289,1
12101,1
12099,1
24290,1
12165,1
24227,1
24224,1
12169,1
12259,1
12258,1
12255,1
12250,1
24143,1
12242,1
12241,1
12238,1
24154,1
12232,1
12226,1
12225,1
24183,1
24186,1
12086,1
12207,1
24193,1
12198,1
12193,1
24194,1
12191,1
24195,1
24200,1
12190,1
12189,1
12183,1
24216,1
24218,1
12171,1
12170,1
24188,1
11359,1
12084,1
24294,1
24331,1
12002,1
11441,1
11437,1
24336,1
11435,1
11434,1
24348,1
11433,1
24354,1
11430,1
11429,1
11426,1
11424,1
11421,1
24362,1
24365,1
11410,1
24370,1
24376,1
11385,1
24377,1
11381,1
24378,1
24379,1
11380,1
24382,1
11366,1
11363,1
12006,1
12007,1
24330,1
12008,1
12083,1
12079,1
24295,1
12073,1
24300,1
24301,1
24302,1
12072,1
12071,1
12063,1
12062,1
24307,1
24309,1
12061,1
24293,1
12057,1
12048,1
24316,1
12044,1
12043,1
12037,1
12036,1
12031,1
12029,1
12028,1
12026,1
12025,1
12011,1
24324,1
24327,1
12052,1
24137,1
11052,1
25367,1
09042,1
26195,1
09035,1
26197,1
26200,1
26202,1
26207,1
26210,1
26211,1
26229,1
09026,1
09024,1
26232,1
26234,1
09023,1
09020,1
09019,1
26239,1
09006,1
26240,1
09004,1
26241,1
26245,1
26248,1
09002,1
26254,1
08487,1
26256,1
08486,1
26194,1
09049,1
26186,1
09058,1
09171,1
09168,1
26131,1
09149,1
26138,1
09138,1
09137,1
26141,1
26142,1
26143,1
26144,1
09132,1
09126,1
09118,1
08480,1
09116,1
09110,1
26174,1
09109,1
26176,1
09108,1
09100,1
26178,1
09099,1
09085,1
09077,1
26182,1
09070,1
09063,1
09059,1
26169,1
26115,1
08478,1
26264,1
08109,1
26370,1
08090,1
26376,1
08081,1
08078,1
27010,1
08049,1
08036,1
27039,1
08026,1
27049,1
27050,1
27051,1
27052,1
27065,1
27070,1
27077,1
27082,1
27097,1
27098,1
27116,1
27117,1
27168,1
27169,1
07345,1
27174,1
27199,1
07343,1
26367,1
26365,1
08116,1
08122,1
26274,1
26276,1
08420,1
08367,1
26287,1
26289,1
08362,1
26293,1
08353,1
08321,1
26308,1
26313,1
08318,1
08311,1
08449,1
26320,1
08284,1
26334,1
08263,1
08248,1
08243,1
26340,1
08217,1
08199,1
26348,1
08185,1
08175,1
08145,1
08123,1
26360,1
26333,1
25365,1
26112,1
26106,1
10341,1
25511,1
25512,1
10340,1
25524,1
10328,1
25525,1
25529,1
25532,1
10313,1
10298,1
25538,1
10287,1
25571,1
10249,1
10247,1
10233,1
25578,1
10223,1
25584,1
25616,1
25631,1
25632,1
25633,1
10218,1
10203,1
10193,1
10178,1
10158,1
10345,1
10355,1
25488,1
25476,1
11049,1
25368,1
25375,1
11041,1
25384,1
11040,1
25385,1
11035,1
11030,1
11029,1
11028,1
25400,1
25403,1
25406,1
10143,1
11024,1
25415,1
11009,1
10412,1
25424,1
10395,1
25438,1
25439,1
10382,1
10368,1
25442,1
10367,1
10361,1
25463,1
25465,1
11012,1
26108,1
26002,1
10129,1
09296,1
09293,1
26060,1
26061,1
26062,1
18141,1
26064,1
09273,1
26065,1
09267,1
09264,1
09245,1
09241,1
09239,1
26073,1
09232,1
26081,1
09220,1
09214,1
09207,1
26087,1
09193,1
26095,1
09192,1
26099,1
09183,1
09177,1
26103,1
26105,1
09298,1
09299,1
09301,1
26054,1
10126,1
10115,1
10113,1
10108,1
26009,1
10103,1
26010,1
10100,1
26011,1
10099,1
10066,1
10060,1
10051,1
26013,1
10140,1
26015,1
26016,1
26022,1
26023,1
26025,1
10013,1
10012,1
09331,1
26037,1
26040,1
09328,1
09327,1
26048,1
09319,1
26051,1
10033,1
27209,1
24134,1
12264,1
21146,1
21152,1
21177,1
21185,1
21189,1
21192,1
21202,1
17085,1
21219,1
17076,1
21223,1
17044,1
21244,1
21265,1
17024,1
21267,1
21271,1
21273,1
21277,1
21288,1
21292,1
17022,1
21296,1
21315,1
21316,1
17016,1
31406,1
17003,1
21368,1
21132,1
17100,1
21128,1
21122,1
17203,1
17200,1
17190,1
19288,1
21006,1
21009,1
17182,1
17180,1
21011,1
17155,1
21021,1
17153,1
21030,1
21043,1
21373,1
21044,1
17142,1
17141,1
21069,1
21071,1
21080,1
17134,1
21087,1
21092,1
21103,1
21114,1
21116,1
17127,1
17110,1
17104,1
21045,1
19284,1
16402,1
21387,1
21497,1
21500,1
16223,1
16204,1
16198,1
16197,1
21508,1
16190,1
21515,1
21519,1
16188,1
21526,1
21531,1
16180,1
16167,1
21537,1
16153,1
16148,1
16142,1
16141,1
16135,1
21554,1
21559,1
21562,1
16134,1
21569,1
21577,1
16132,1
16104,1
16226,1
16242,1
16251,1
16264,1
16399,1
21396,1
21398,1
16394,1
16380,1
16374,1
21415,1
21422,1
16370,1
21428,1
21432,1
21433,1
16359,1
21435,1
21386,1
21441,1
16343,1
16340,1
16337,1
21474,1
16329,1
16306,1
21475,1
16300,1
16287,1
16286,1
16280,1
21481,1
21496,1
16270,1
21445,1
16103,1
19281,1
17245,1
19002,1
19004,1
18034,1
18031,1
18029,1
18027,1
19012,1
19014,1
18025,1
19015,1
18021,1
18020,1
18017,1
19027,1
18015,1
18014,1
18012,1
19033,1
18005,1
18003,1
19039,1
19047,1
19049,1
17486,1
19058,1
19059,1
17484,1
19060,1
17463,1
18038,1
19001,1
18286,1
18285,1
18145,1
18133,1
18146,1
18127,1
18147,1
18149,1
18122,1
18159,1
18115,1
18160,1
18112,1
18168,1
18108,1
18187,1
17449,1
18103,1
18223,1
18227,1
18087,1
18236,1
18237,1
18086,1
18079,1
18252,1
18058,1
18057,1
18263,1
18278,1
18043,1
18281,1
18205,1
17210,1
19072,1
19078,1
19150,1
19151,1
19154,1
17336,1
19161,1
19164,1
19174,1
19176,1
19211,1
19221,1
17314,1
19223,1
19225,1
17313,1
19237,1
19239,1
17310,1
19243,1
19249,1
17303,1
17293,1
17289,1
19258,1
17284,1
19261,1
17277,1
17265,1
17252,1
19270,1
17351,1
17353,1
17373,1
19147,1
19079,1
19083,1
17437,1
19086,1
19089,1
19091,1
19093,1
19094,1
19100,1
19101,1
17432,1
19104,1
17420,1
19105,1
17444,1
19106,1
19113,1
19118,1
17410,1
17409,1
19125,1
19129,1
19134,1
17403,1
17395,1
17387,1
19138,1
17375,1
19144,1
19146,1
17413,1
12263,1
21578,1
16085,1
14196,1
23061,1
23062,1
14175,1
23067,1
14167,1
23069,1
14166,1
23070,1
23075,1
14162,1
14150,1
14124,1
23081,1
14106,1
14104,1
23100,1
23131,1
23137,1
23140,1
23143,1
23146,1
23164,1
14057,1
23173,1
14046,1
23177,1
14035,1
23188,1
23060,1
23057,1
14209,1
14218,1
22310,1
14384,1
22326,1
14371,1
22338,1
22342,1
22347,1
14349,1
22361,1
22369,1
22377,1
22380,1
14320,1
22388,1
14032,1
22390,1
23004,1
14316,1
14306,1
23015,1
23021,1
14256,1
23025,1
23029,1
14239,1
23036,1
23041,1
23048,1
23049,1
23052,1
14318,1
14401,1
23189,1
23197,1
13069,1
24061,1
13048,1
13046,1
24063,1
24074,1
13027,1
13026,1
24077,1
24080,1
13023,1
13021,1
13010,1
13003,1
12305,1
24083,1
12298,1
12284,1
24087,1
24088,1
12280,1
12278,1
24089,1
12277,1
24097,1
24101,1
12276,1
24120,1
12272,1
24051,1
13072,1
13073,1
24046,1
23199,1
13112,1
23200,1
13111,1
23206,1
13110,1
23224,1
23235,1
23239,1
23248,1
23258,1
24001,1
24005,1
13102,1
14024,1
24009,1
24015,1
24016,1
13098,1
24018,1
24019,1
13095,1
24021,1
13091,1
13085,1
24022,1
13083,1
13082,1
24043,1
13075,1
13099,1
16093,1
22308,1
14439,1
15184,1
15182,1
15180,1
15176,1
15174,1
22035,1
22039,1
15173,1
15169,1
15168,1
15155,1
22065,1
15151,1
22074,1
22077,1
15134,1
15127,1
15117,1
15114,1
22081,1
15110,1
22086,1
22091,1
22096,1
22107,1
22109,1
22111,1
15095,1
15094,1
22029,1
22027,1
22020,1
15200,1
16064,1
16059,1
16058,1
16056,1
16025,1
21605,1
16023,1
16020,1
21607,1
15267,1
15264,1
21614,1
21617,1
15260,1
22117,1
21642,1
21661,1
15250,1
21663,1
21684,1
15224,1
15207,1
21685,1
15205,1
15204,1
21694,1
21714,1
22001,1
22013,1
22014,1
15256,1
22306,1
22122,1
15087,1
14685,1
14681,1
14680,1
22225,1
14646,1
14606,1
14591,1
14570,1
22237,1
22240,1
14562,1
22250,1
22254,1
14530,1
22255,1
22256,1
22258,1
14516,1
14506,1
22265,1
22266,1
14500,1
22268,1
22269,1
14498,1
22281,1
22284,1
14460,1
22295,1
14689,1
22215,1
14698,1
22213,1
15083,1
22137,1
22143,1
15080,1
22146,1
15073,1
22152,1
15069,1
22153,1
22161,1
15051,1
22174,1
22178,1
15021,1
22135,1
22183,1
22190,1
15013,1
15006,1
14731,1
14726,1
22202,1
14712,1
22203,1
22204,1
22205,1
22206,1
22207,1
14705,1
14701,1
15016,1
27218,1
18139,1
07341,1
2B252,1
03308,1
2B265,1
2B275,1
03297,1
2B277,1
03293,1
03292,1
2B286,1
2B290,1
03289,1
03311,1
03288,1
03286,1
2B303,1
03270,1
03266,1
03265,1
03264,1
2B309,1
03257,1
2B317,1
2B332,1
2B333,1
2B292,1
03312,1
2B242,1
03319,1
2B167,1
04054,1
04053,1
2B170,1
2B175,1
2B182,1
2B185,1
2B193,1
04033,1
2B207,1
2B213,1
2B218,1
04031,1
2B219,1
04023,1
2B224,1
2B229,1
04022,1
04020,1
04017,1
2B233,1
2B238,1
04016,1
04008,1
03321,1
03247,1
2B335,1
2B339,1
03242,1
03152,1
03150,1
03139,1
03135,1
03130,1
03128,1
03127,1
03118,1
30038,1
03104,1
03103,1
03099,1
30039,1
03075,1
03068,1
30050,1
30051,1
03056,1
30052,1
03037,1
03022,1
30053,1
30057,1
03010,1
03006,1
30024,1
04055,1
30022,1
03157,1
03241,1
2B343,1
03238,1
03235,1
2B353,1
03232,1
2B365,1
03224,1
2B366,1
30001,1
03221,1
30004,1
03218,1
03216,1
03211,1
03191,1
03186,1
03180,1
30011,1
03179,1
03175,1
30015,1
03167,1
03163,1
30020,1
03155,1
03003,1
04059,1
2B156,1
05122,1
05121,1
29274,1
29275,1
05113,1
29279,1
05109,1
29284,1
05092,1
29287,1
29289,1
05123,1
05087,1
05075,1
05068,1
2A017,1
2A018,1
05055,1
2A040,1
05050,1
05048,1
2A062,1
05044,1
2A071,1
29296,1
29266,1
29261,1
05127,1
06038,1
06034,1
29215,1
29216,1
06016,1
06015,1
06002,1
06001,1
29227,1
05172,1
29228,1
05156,1
05154,1
05153,1
05151,1
29234,1
29235,1
29240,1
05144,1
05140,1
29243,1
05135,1
05131,1
05130,1
29257,1
05032,1
05029,1
2A103,1
2A118,1
2B046,1
04151,1
04132,1
2B063,1
04130,1
2B073,1
04126,1
04123,1
2B086,1
04110,1
04109,1
2B097,1
2B105,1
2B107,1
2B109,1
2B112,1
04101,1
04097,1
2B126,1
04092,1
04086,1
04081,1
04075,1
04068,1
2B152,1
2B043,1
2B159,1
04154,1
04157,1
05027,1
2A131,1
05021,1
05012,1
04245,1
2A204,1
2A211,1
04244,1
04242,1
04235,1
04234,1
2A240,1
04233,1
04222,1
04219,1
04218,1
04214,1
2A278,1
04206,1
2A345,1
04184,1
04179,1
04171,1
04167,1
04158,1
04156,1
03001,1
30059,1
02818,1
01190,1
01184,1
01155,1
30331,1
01153,1
30332,1
30333,1
01152,1
01148,1
01146,1
01142,1
01195,1
30344,1
30353,1
31004,1
31011,1
31017,1
31019,1
01121,1
31028,1
31035,1
01115,1
01109,1
01105,1
01135,1
30324,1
01197,1
01202,1
01280,1
01273,1
01269,1
01268,1
30278,1
01263,1
01254,1
30284,1
01248,1
01243,1
01241,1
30299,1
30301,1
30302,1
30303,1
30304,1
01239,1
30305,1
30308,1
01233,1
30312,1
01228,1
30317,1
30319,1
01204,1
01095,1
31044,1
01094,1
31052,1
31210,1
31213,1
31221,1
31236,1
31244,1
31248,1
31249,1
01031,1
31255,1
31279,1
01022,1
31280,1
31285,1
01017,1
31291,1
31313,1
01016,1
31337,1
31356,1
31360,1
01012,1
31375,1
01010,1
01007,1
31395,1
31194,1
01281,1
31175,1
31162,1
01090,1
01089,1
01087,1
31080,1
31081,1
01080,1
01079,1
31091,1
31096,1
31102,1
01071,1
01058,1
31109,1
31114,1
31118,1
31122,1
31125,1
31131,1
31142,1
31144,1
01049,1
01047,1
31155,1
31157,1
31161,1
31164,1
01285,1
30272,1
01289,1
02419,1
02383,1
02381,1
02361,1
02360,1
02321,1
02304,1
30134,1
02302,1
30138,1
02295,1
02290,1
30139,1
30140,1
02269,1
02243,1
30145,1
02224,1
30146,1
02220,1
02217,1
30148,1
02215,1
02195,1
30151,1
02460,1
30152,1
30124,1
02490,1
02807,1
30065,1
30068,1
02775,1
30081,1
30093,1
02757,1
02748,1
02738,1
02728,1
30097,1
02710,1
02648,1
30098,1
30099,1
30103,1
30106,1
02620,1
02608,1
30107,1
30110,1
30119,1
02549,1
02497,1
30123,1
02464,1
29210,1
02190,1
02136,1
01376,1
30213,1
30214,1
01366,1
30218,1
01362,1
01351,1
01350,1
01347,1
01339,1
01323,1
01322,1
30239,1
01320,1
01319,1
01317,1
01314,1
01307,1
01306,1
30264,1
30265,1
01305,1
01303,1
01294,1
30271,1
01380,1
30162,1
01381,1
30207,1
02128,1
30166,1
02106,1
02103,1
02100,1
02078,1
02073,1
02071,1
02007,1
01452,1
30179,1
01447,1
01444,1
30191,1
01441,1
01408,1
01407,1
01405,1
30202,1
01403,1
01398,1
01388,1
30203,1
01384,1
30205,1
01383,1
06040,1
2B058,1
07231,1
06134,1
07052,1
07275,1
27680,1
27679,1
27438,1
07053,1
28136,1
07196,1
29112,1
06129,1
07092,1
29147,1
29143,1
28260,1
07273,1
27458,1
29117,1
07089,1
07233,1
07269,1
06137,1
06135,1
06143,1
07278,1
27428,1
28132,1
06112,1
07294,1
07097,1
07293,1
07289,1
27388,1
27391,1
07251,1
06113,1
07280,1
29111,1
29025,1
07095,1
06116,1
27701,1
29027,1
06118,1
07284,1
29001,1
29028,1
07281,1
27397,1
07172,1
29034,1
07215,1
07009,1
27485,1
28172,1
27487,1
29064,1
27528,1
07074,1
29054,1
27599,1
07073,1
29051,1
28233,1
27590,1
28227,1
29130,1
27542,1
07247,1
28218,1
28184,1
27550,1
29063,1
07005,1
29060,1
07253,1
27605,1
27481,1
27673,1
29076,1
07082,1
28149,1
27656,1
29141,1
07237,1
07178,1
07081,1
07182,1
07241,1
27635,1
29072,1
07260,1
27470,1
29044,1
07076,1
07075,1
06144,1
06149,1
27476,1
07188,1
06158,1
28007,1
07230,1
27589,1
29090,1
06048,1
28283,1
07027,1
28027,1
07124,1
28098,1
27289,1
29184,1
27243,1
28405,1
06090,1
29017,1
07035,1
07142,1
07316,1
07145,1
29183,1
07028,1
07133,1
29013,1
07033,1
06062,1
06081,1
28103,1
28051,1
27258,1
07038,1
07140,1
07223,1
07118,1
07332,1
07137,1
06049,1
07226,1
29192,1
07136,1
28391,1
06087,1
28059,1
27254,1
28378,1
29099,1
27338,1
07211,1
29107,1
29108,1
07107,1
27365,1
06043,1
07106,1
28116,1
29170,1
06095,1
07300,1
28012,1
29166,1
27375,1
29201,1
29206,1
06106,1
29163,1
07295,1
07012,1
07339,1
28417,1
06103,1
28334,1
07216,1
27348,1
07312,1
28016,1
28407,1
07309,1
27230,1
07018,1
07308,1
06046,1
29198,1
07148,1
28359,1
16206,2
88321,2
73022,2
89086,2
09176,2
77152,2
15243,2
88302,2
77088,2
73013,2
73138,2
02305,2
63124,2
77085,2
02053,2
88464,2
89073,2
88388,2
16154,2
73081,2
02173,2
16150,2
88400,2
88492,2
77121,2
09130,2
88486,2
77118,2
88466,2
77111,2
88426,2
77109,2
88372,2
02153,2
77135,2
09160,2
73026,2
63100,2
73036,2
89046,2
07208,2
07203,2
73043,2
88349,2
09124,2
07195,2
09161,2
88369,2
73104,2
62822,2
77104,2
73094,2
73051,2
70334,2
63262,2
63144,2
87188,2
63451,2
77394,2
15067,2
03013,2
63427,2
15070,2
07146,2
72101,2
09283,2
07149,2
72175,2
15088,2
63401,2
63396,2
07153,2
15092,2
63391,2
02789,2
77330,2
88078,2
07154,2
63383,2
15050,2
15049,2
15038,2
64035,2
14709,2
09303,2
64148,2
03087,2
03084,2
03078,2
14741,2
14745,2
14764,2
15001,2
64081,2
88079,2
72029,2
64063,2
03066,2
07144,2
64049,2
72050,2
15020,2
03065,2
15025,2
87187,2
72068,2
15027,2
15012,2
63142,2
15101,2
88081,2
63228,2
88154,2
09194,2
07185,2
15178,2
77192,2
02558,2
63198,2
07189,2
09185,2
15188,2
63187,2
15196,2
63175,2
88198,2
88205,2
63165,2
77169,2
72378,2
15202,2
07191,2
02450,2
77156,2
09209,2
63234,2
63248,2
09211,2
63354,2
63349,2
63346,2
07155,2
15102,2
88082,2
07162,2
07166,2
63338,2
88090,2
77234,2
63370,2
15122,2
09221,2
63289,2
63287,2
88099,2
63285,2
77232,2
63279,2
02643,2
15152,2
15154,2
63259,2
09225,2
01450,2
01348,2
73151,2
17406,2
60579,2
76462,2
74155,2
08198,2
01104,2
93061,2
17434,2
74180,2
94011,2
76427,2
76475,2
01081,2
74186,2
74188,2
74190,2
94060,2
94069,2
01076,2
17483,2
01075,2
07302,2
74201,2
60382,2
94034,2
01123,2
60584,2
74140,2
91587,2
61181,2
01185,2
07267,2
61153,2
01180,2
01157,2
74083,2
76552,2
61097,2
17328,2
91687,2
92009,2
17330,2
74096,2
74099,2
92022,2
74108,2
92035,2
92060,2
74112,2
92077,2
01138,2
93027,2
60665,2
60325,2
74203,2
07303,2
94078,2
74269,2
76178,2
76133,2
76114,2
74271,2
08025,2
74286,2
95446,2
07347,2
60007,2
18088,2
95488,2
59666,2
95500,2
07346,2
18109,2
95555,2
76108,2
07335,2
95572,2
76057,2
74294,2
76020,2
59646,2
01005,2
74264,2
91570,2
01034,2
95313,2
76374,2
95039,2
18011,2
74215,2
76341,2
60213,2
60183,2
76312,2
74229,2
95149,2
60155,2
76305,2
18026,2
76232,2
01043,2
95219,2
60138,2
60129,2
95252,2
74234,2
74241,2
07326,2
74243,2
95277,2
95306,2
07329,2
62752,2
07264,2
61269,2
73243,2
16409,2
62522,2
01361,2
17004,2
62501,2
17021,2
89438,2
07232,2
62463,2
73245,2
89378,2
73255,2
73259,2
73262,2
77014,2
90008,2
01313,2
17028,2
17041,2
73274,2
17058,2
76758,2
01304,2
89464,2
77022,2
89367,2
62540,2
73153,2
77066,2
01426,2
01419,2
07217,2
07218,2
77051,2
73187,2
62654,2
01393,2
62624,2
89279,2
62610,2
16358,2
89306,2
89334,2
89338,2
09057,2
89345,2
62585,2
07228,2
73232,2
09047,2
01378,2
07229,2
90065,2
90075,2
62361,2
17098,2
08448,2
62126,2
17185,2
91405,2
17192,2
74034,2
01238,2
17207,2
01230,2
61508,2
17240,2
17248,2
61474,2
07255,2
08365,2
17283,2
07261,2
07262,2
17286,2
74057,2
61369,2
61345,2
91540,2
74064,2
61293,2
62127,2
61230,2
62139,2
01240,2
62315,2
01290,2
07243,2
62312,2
76693,2
07245,2
01283,2
73301,2
91122,2
73303,2
07248,2
17131,2
76641,2
91200,2
91235,2
91312,2
17152,2
01244,2
91326,2
91340,2
62196,2
91359,2
74008,2
62177,2
76637,2
08456,2
71590,2
64353,2
03107,2
68247,2
84045,2
84046,2
84052,2
68231,2
11065,2
12080,2
71115,2
84053,2
84056,2
12093,2
12097,2
68248,2
06150,2
11055,2
04230,2
79322,2
79311,2
68166,2
79289,2
68163,2
12105,2
68153,2
84083,2
84085,2
84086,2
79355,2
84043,2
11066,2
84027,2
68383,2
05036,2
68374,2
68368,2
68351,2
83146,2
68344,2
12033,2
68334,2
83149,2
83150,2
12039,2
83152,2
80172,2
68311,2
83153,2
12049,2
68292,2
12056,2
68280,2
84004,2
68275,2
84005,2
05026,2
84012,2
71081,2
05006,2
68149,2
68146,2
84091,2
84094,2
67538,2
84150,2
12172,2
85001,2
67519,2
85006,2
12174,2
67506,2
67495,2
04178,2
67472,2
85009,2
67470,2
85014,2
67453,2
04176,2
79239,2
71150,2
04160,2
07010,2
12197,2
71153,2
12199,2
07011,2
12201,2
85050,2
12209,2
67539,2
83140,2
84148,2
68023,2
12122,2
04217,2
07003,2
12130,2
84104,2
11054,2
68104,2
04208,2
68097,2
84108,2
68091,2
04205,2
68062,2
84112,2
12155,2
04203,2
04197,2
84127,2
84133,2
68042,2
84139,2
84141,2
68036,2
12164,2
84142,2
04186,2
71145,2
68020,2
12213,2
69007,2
69009,2
80685,2
05152,2
06086,2
69288,2
69287,2
11263,2
80634,2
69277,2
69273,2
81303,2
05146,2
11273,2
11259,2
81312,2
69244,2
69243,2
06089,2
11296,2
11297,2
81320,2
11301,2
11123,2
82013,2
80618,2
11120,2
11322,2
05145,2
11130,2
11253,2
81284,2
81045,2
70279,2
81051,2
70256,2
70217,2
06033,2
81069,2
81077,2
06024,2
11203,2
70120,2
81099,2
11172,2
06017,2
11164,2
81136,2
06010,2
05180,2
81180,2
81192,2
05174,2
11233,2
81220,2
05165,2
80688,2
11132,2
81283,2
82033,2
11115,2
82040,2
05128,2
83035,2
11401,2
11407,2
69084,2
71047,2
11091,2
83042,2
83049,2
83066,2
83073,2
83077,2
69044,2
05053,2
83084,2
80303,2
83090,2
69035,2
11436,2
06125,2
83094,2
83095,2
80212,2
83109,2
83128,2
83130,2
69012,2
83134,2
11388,2
83136,2
83034,2
11096,2
11112,2
05126,2
80600,2
69161,2
71009,2
69160,2
06093,2
80580,2
82088,2
71016,2
82113,2
80488,2
11356,2
82132,2
11357,2
69141,2
82134,2
80486,2
05099,2
80464,2
69116,2
71027,2
83004,2
11369,2
05082,2
83011,2
83012,2
83028,2
67389,2
12216,2
12220,2
65199,2
65198,2
78217,2
10165,2
07087,2
71383,2
86173,2
65173,2
65129,2
86183,2
65127,2
65106,2
14200,2
03256,2
86210,2
03253,2
71392,2
03248,2
10133,2
78147,2
10123,2
65026,2
86246,2
65018,2
78128,2
14322,2
07094,2
07085,2
78297,2
14191,2
65405,2
65399,2
78418,2
14060,2
65375,2
10268,2
78383,2
65370,2
86065,2
86070,2
14066,2
65360,2
86095,2
03298,2
65327,2
65304,2
78356,2
14165,2
07077,2
86112,2
65282,2
07078,2
71338,2
86139,2
14172,2
65226,2
07084,2
65002,2
64546,2
14341,2
64527,2
07131,2
64327,2
64317,2
07134,2
10006,2
87075,2
14557,2
71527,2
07138,2
87088,2
71542,2
87092,2
87097,2
14654,2
64259,2
64252,2
64247,2
14658,2
87103,2
71550,2
64225,2
09321,2
71566,2
77403,2
71573,2
03113,2
64157,2
71495,2
10317,2
87047,2
87045,2
71434,2
64522,2
14342,2
07105,2
03225,2
14355,2
64506,2
64487,2
14369,2
64475,2
64473,2
71442,2
77519,2
86293,2
64433,2
07112,2
71475,2
64416,2
07113,2
77495,2
77492,2
03207,2
87034,2
14465,2
70404,2
87043,2
64339,2
07127,2
07072,2
78466,2
71289,2
67165,2
04102,2
85129,2
79066,2
11008,2
85135,2
12288,2
12297,2
85153,2
12299,2
85156,2
67128,2
71215,2
85160,2
13015,2
13017,2
85172,2
85182,2
85185,2
85189,2
79061,2
04076,2
67055,2
13031,2
13034,2
13040,2
85204,2
11022,2
13044,2
07025,2
07022,2
67342,2
12222,2
67322,2
11048,2
85051,2
12228,2
12229,2
04148,2
67303,2
04145,2
12237,2
04142,2
12240,2
04133,2
12244,2
67267,2
74305,2
67265,2
79196,2
07017,2
12262,2
04124,2
67225,2
79174,2
85104,2
12268,2
79162,2
67198,2
87128,2
85206,2
66221,2
71241,2
07055,2
04045,2
78586,2
66060,2
07063,2
85280,2
66046,2
66039,2
78561,2
71267,2
66028,2
07065,2
85296,2
04025,2
13106,2
13109,2
07071,2
85298,2
10333,2
85303,2
65471,2
65465,2
10325,2
14022,2
10323,2
86008,2
66066,2
85207,2
10357,2
66075,2
66218,2
13058,2
66198,2
13065,2
66189,2
66187,2
13070,2
85221,2
79013,2
85231,2
79010,2
04062,2
79005,2
66119,2
66113,2
13079,2
66105,2
04061,2
66098,2
07042,2
85248,2
13084,2
85255,2
66082,2
13087,2
10362,2
07045,2
66072,2
72153,2
62506,2
01004,2
24314,2
35297,2
48074,2
48064,2
48053,2
48051,2
24318,2
48043,2
24320,2
48031,2
2B162,2
48020,2
36001,2
24325,2
35291,2
48010,2
48002,2
24335,2
36006,2
47315,2
47306,2
47302,2
24352,2
47282,2
47278,2
36016,2
47267,2
2B153,2
47240,2
24372,2
48004,2
24311,2
48087,2
48099,2
35133,2
49138,2
2B314,2
2B307,2
2B306,2
49092,2
35176,2
49090,2
24240,2
35186,2
24252,2
49055,2
49048,2
49045,2
49035,2
35189,2
35205,2
24299,2
48117,2
48123,2
48129,2
48140,2
2B261,2
24375,2
24276,2
24268,2
2B281,2
48193,2
48198,2
49023,2
49028,2
24269,2
47223,2
47221,2
47215,2
46267,2
46231,2
2B123,2
36094,2
24585,2
46193,2
36106,2
46183,2
46182,2
25021,2
46178,2
46172,2
25074,2
46156,2
46153,2
46149,2
46148,2
46038,2
46039,2
25259,2
25223,2
46083,2
46084,2
24551,2
46087,2
46089,2
36138,2
46123,2
25121,2
46143,2
46144,2
2B083,2
49140,2
46293,2
46299,2
2B150,2
24396,2
47197,2
36045,2
36046,2
47175,2
36051,2
2B147,2
24412,2
24443,2
24450,2
24464,2
47065,2
36058,2
24488,2
47021,2
24494,2
24550,2
2B124,2
36087,2
46317,2
46320,2
36075,2
46294,2
24538,2
36061,2
46340,2
24516,2
24510,2
47005,2
47009,2
24523,2
24222,2
49161,2
49192,2
30136,2
34121,2
34128,2
51250,2
34134,2
51202,2
34137,2
51184,2
23192,2
34142,2
30128,2
51132,2
51119,2
34151,2
34157,2
23212,2
23216,2
34205,2
24040,2
50468,2
50496,2
50509,2
50550,2
51316,2
50582,2
50601,2
34187,2
34185,2
23247,2
51042,2
30120,2
50592,2
50442,2
51342,2
23124,2
34058,2
22363,2
52529,2
22376,2
34071,2
23001,2
34072,2
52332,2
34077,2
23032,2
52228,2
23045,2
34086,2
30147,2
23056,2
52140,2
52063,2
23093,2
34116,2
23087,2
23079,2
23077,2
51504,2
23139,2
51507,2
34103,2
51571,2
34101,2
52017,2
52023,2
52037,2
23076,2
25303,2
50433,2
30092,2
34327,2
30026,2
50108,2
35012,2
50087,2
24135,2
50058,2
30009,2
24142,2
24150,2
49367,2
49361,2
24155,2
24156,2
49341,2
49329,2
49323,2
49200,2
2B318,2
24210,2
49219,2
35126,2
49220,2
34322,2
35104,2
49247,2
49267,2
49278,2
49292,2
49307,2
35068,2
2B342,2
30094,2
34318,2
50168,2
50429,2
30085,2
50425,2
30079,2
30062,2
50421,2
24054,2
24055,2
34239,2
50403,2
34243,2
50369,2
30058,2
34256,2
50359,2
34266,2
34277,2
24085,2
50198,2
50199,2
34312,2
30037,2
34298,2
24086,2
30040,2
34287,2
24081,2
24076,2
50281,2
34284,2
24070,2
50231,2
36161,2
46009,2
46003,2
27432,2
27448,2
40261,2
29247,2
27469,2
40250,2
40248,2
27474,2
40237,2
38126,2
40210,2
40201,2
40200,2
29241,2
38151,2
27681,2
40159,2
38187,2
28140,2
40043,2
40056,2
40068,2
38170,2
27415,2
38169,2
40104,2
40105,2
28061,2
40120,2
38161,2
28024,2
38163,2
29226,2
29256,2
27413,2
2A024,2
37272,2
2A006,2
41150,2
41135,2
38006,2
27103,2
27112,2
27170,2
27190,2
41071,2
41050,2
38026,2
38034,2
41031,2
41029,2
29292,2
40291,2
29260,2
40293,2
29272,2
29273,2
38082,2
27414,2
40313,2
40317,2
40332,2
38053,2
40334,2
27284,2
38043,2
40314,2
41235,2
39487,2
39478,2
39114,2
39097,2
39046,2
29075,2
38301,2
29186,2
29081,2
38317,2
29174,2
29104,2
29105,2
29171,2
38518,2
38514,2
38513,2
29168,2
29109,2
38421,2
38395,2
38425,2
29136,2
38382,2
29162,2
39145,2
38376,2
29135,2
38457,2
38479,2
38488,2
38359,2
38504,2
38449,2
38193,2
29038,2
29199,2
39475,2
39439,2
29221,2
39437,2
39435,2
29218,2
39415,2
28373,2
39405,2
39399,2
39398,2
28398,2
38226,2
29008,2
39322,2
39313,2
39307,2
29032,2
38249,2
29030,2
29029,2
29026,2
38247,2
39150,2
39240,2
38242,2
29020,2
38240,2
29018,2
38239,2
38236,2
39258,2
53003,2
26373,2
41256,2
2A349,2
44068,2
44061,2
26035,2
44043,2
44036,2
44035,2
26045,2
44021,2
2A308,2
44010,2
2A300,2
2A282,2
43251,2
37069,2
43236,2
43223,2
26122,2
37119,2
26121,2
2A228,2
2A254,2
37083,2
44071,2
26101,2
26094,2
26084,2
37079,2
26083,2
43204,2
43212,2
43162,2
26127,2
44072,2
44098,2
25315,2
25318,2
25320,2
36171,2
25339,2
45270,2
45252,2
36184,2
36192,2
36202,2
45197,2
45173,2
45145,2
36230,2
2B023,2
25475,2
25494,2
44107,2
44115,2
44144,2
44172,2
44175,2
44180,2
44077,2
37018,2
44198,2
44201,2
37016,2
37015,2
44220,2
45006,2
44188,2
26368,2
43120,2
43118,2
42173,2
59636,2
26262,2
26263,2
42150,2
26271,2
26275,2
42132,2
26288,2
26290,2
26304,2
42061,2
42052,2
42050,2
26321,2
26324,2
42028,2
41262,2
41267,2
37266,2
26357,2
37262,2
26345,2
37216,2
2A031,2
42017,2
26337,2
42022,2
37254,2
26336,2
2A035,2
26344,2
37130,2
26250,2
42207,2
26137,2
2A200,2
43111,2
43109,2
2A197,2
43067,2
26156,2
26163,2
2A154,2
43054,2
95652,2
43041,2
26177,2
37156,2
43033,2
37161,2
26179,2
42224,2
26231,2
2A098,2
2A099,2
37197,2
2A104,2
37214,2
42326,2
26185,2
43012,2
37189,2
43016,2
43020,2
26181,2
42332,2
22349,2
35290,2
33056,2
21425,2
19222,2
32132,2
56033,2
22211,2
19229,2
31106,2
33506,2
56030,2
22061,2
22209,2
19241,2
32149,2
33498,2
21405,2
54427,2
54431,2
22200,2
30222,2
30219,2
31085,2
33449,2
56008,2
30348,2
19255,2
19252,2
57160,2
32155,2
33485,2
54449,2
58215,2
30216,2
33402,2
33234,2
30290,2
30297,2
33537,2
56079,2
33202,2
33535,2
30295,2
59153,2
22033,2
30338,2
56057,2
19121,2
31232,2
54273,2
59089,2
33530,2
22220,2
22219,2
32083,2
33527,2
56043,2
59056,2
22048,2
32054,2
33229,2
31165,2
59067,2
19136,2
56055,2
59086,2
54323,2
54322,2
31190,2
58182,2
54583,2
22197,2
33352,2
57479,2
19285,2
21003,2
58068,2
58060,2
21210,2
30268,2
55167,2
57579,2
58046,2
33336,2
22101,2
32213,2
58037,2
58024,2
57623,2
55438,2
32239,2
22127,2
30266,2
30263,2
32233,2
58082,2
55502,2
22147,2
55250,2
21028,2
32227,2
57661,2
33314,2
55291,2
22090,2
58086,2
33355,2
56004,2
21355,2
19276,2
56006,2
55042,2
57262,2
57289,2
57240,2
19264,2
21378,2
58149,2
58152,2
30350,2
58177,2
19272,2
33013,2
32358,2
21317,2
58095,2
58106,2
57477,2
55122,2
33290,2
22084,2
58109,2
33363,2
57469,2
32319,2
33289,2
57415,2
21295,2
22184,2
22181,2
30336,2
22118,2
30198,2
33138,2
31315,2
56171,2
30172,2
53181,2
59392,2
59410,2
30194,2
59317,2
31390,2
59346,2
22273,2
33042,2
56147,2
56167,2
21506,2
53271,2
22264,2
22262,2
30322,2
31483,2
59295,2
22272,2
21606,2
56176,2
56198,2
30176,2
22325,2
34031,2
56145,2
56143,2
19010,2
22327,2
56136,2
59365,2
56181,2
33032,2
21540,2
56194,2
56195,2
53150,2
53096,2
56179,2
56124,2
30329,2
56177,2
31341,2
34036,2
31324,2
30170,2
30200,2
56182,2
56098,2
54215,2
33544,2
59224,2
22004,2
18172,2
22233,2
56083,2
59580,2
31499,2
59249,2
54184,2
30325,2
59546,2
33545,2
56166,2
21501,2
18165,2
34042,2
31509,2
54102,2
33541,2
33067,2
33547,2
56221,2
59273,2
54077,2
22259,2
33051,2
56102,2
31394,2
33182,2
26114,3
46128,3
09139,3
73004,3
73003,3
04120,3
84042,3
17010,3
37203,3
36141,3
42272,3
45334,3
84068,3
73261,3
84057,3
37109,3
63003,3
63004,3
2B047,3
36173,3
93031,3
17034,3
43018,3
26214,3
43092,3
46045,3
46058,3
25156,3
21582,3
05010,3
32290,3
73145,3
09120,3
62350,3
04127,3
31037,3
62318,3
71007,3
09074,3
25212,3
37163,3
57541,3
43101,3
85093,3
85092,3
85083,3
85084,3
32296,3
01093,3
26148,3
17064,3
46100,3
62297,3
73230,3
26188,3
11081,3
70561,3
62397,3
26167,3
84028,3
16110,3
09125,3
71320,3
25380,3
57283,3
92064,3
44067,3
84126,3
42239,3
44047,3
57003,3
09334,3
26036,3
84122,3
2A348,3
91692,3
57089,3
44015,3
25453,3
09306,3
72008,3
62571,3
37063,3
2A279,3
45004,3
10081,3
71263,3
56252,3
85003,3
71306,3
2B009,3
56248,3
84146,3
84143,3
44129,3
92007,3
37042,3
10372,3
26004,3
56233,3
04193,3
92020,3
71433,3
85010,3
04195,3
25519,3
44087,3
21502,3
44190,3
26057,3
62560,3
45082,3
43211,3
57163,3
45188,3
43199,3
09231,3
16186,3
56239,3
09223,3
26077,3
09249,3
72264,3
91666,3
31020,3
26085,3
43177,3
72320,3
72334,3
45254,3
09189,3
43158,3
45247,3
09181,3
26072,3
37074,3
43249,3
85031,3
43244,3
45098,3
25420,3
25416,3
09290,3
45126,3
09289,3
2B042,3
84102,3
84100,3
21512,3
11021,3
71189,3
84099,3
72176,3
25411,3
09268,3
37073,3
84101,3
84124,3
89013,3
83139,3
29220,3
77307,3
77333,3
07151,3
39413,3
19073,3
77373,3
77389,3
59244,3
01021,3
39333,3
19062,3
77449,3
95476,3
06020,3
17485,3
81081,3
29016,3
07120,3
39271,3
07109,3
59309,3
31472,3
78117,3
07100,3
81055,3
07096,3
60491,3
19028,3
38205,3
60494,3
17360,3
29238,3
29236,3
07224,3
40131,3
77053,3
95210,3
28110,3
81271,3
05164,3
05168,3
05170,3
81217,3
28196,3
39530,3
39500,3
28236,3
07186,3
39489,3
31569,3
39485,3
07181,3
07177,3
59165,3
05179,3
07171,3
07168,3
07163,3
40168,3
19023,3
59343,3
31451,3
07034,3
29103,3
38333,3
06099,3
80489,3
38344,3
18241,3
59476,3
59512,3
07007,3
38462,3
79268,3
79270,3
06105,3
80379,3
79329,3
95607,3
80001,3
80016,3
38375,3
80332,3
06151,3
06122,3
80287,3
29137,3
59588,3
79049,3
78158,3
07039,3
59384,3
78172,3
39201,3
38256,3
38261,3
60175,3
59358,3
81031,3
78358,3
38285,3
59359,3
78372,3
29053,3
06070,3
06071,3
06077,3
39059,3
80713,3
59368,3
07068,3
38292,3
07064,3
29077,3
38567,3
38565,3
07050,3
19007,3
29185,3
29085,3
73280,3
07235,3
76719,3
74133,3
62100,3
58083,3
17218,3
94022,3
83074,3
41295,3
08190,3
41280,3
16089,3
94033,3
74176,3
32208,3
83063,3
94037,3
31084,3
83062,3
94046,3
62025,3
41239,3
17236,3
74208,3
74212,3
26377,3
83048,3
41212,3
41198,3
74128,3
41194,3
83086,3
05046,3
26236,3
05038,3
42222,3
57751,3
2A085,3
62201,3
21023,3
05039,3
42168,3
26261,3
62178,3
83116,3
74013,3
2A070,3
83108,3
94017,3
94018,3
08419,3
21010,3
83104,3
83098,3
42094,3
05045,3
2A048,3
58059,3
26307,3
26309,3
62119,3
38129,3
83045,3
74238,3
38087,3
76378,3
76390,3
82082,3
27355,3
40306,3
82075,3
61168,3
29259,3
76451,3
82037,3
07286,3
32147,3
76515,3
29254,3
27467,3
29249,3
76564,3
58255,3
19170,3
94076,3
07259,3
94081,3
76663,3
95026,3
05136,3
40197,3
82100,3
83044,3
29276,3
82115,3
74239,3
83043,3
41155,3
2A008,3
83036,3
19275,3
41136,3
83033,3
74279,3
83031,3
61464,3
41104,3
19265,3
58145,3
38022,3
41047,3
07338,3
07336,3
58157,3
76164,3
05097,3
07327,3
07325,3
05106,3
82137,3
05114,3
05119,3
07314,3
26353,3
44187,3
24164,3
12254,3
64062,3
50025,3
22194,3
67281,3
49373,3
87032,3
87028,3
03195,3
30228,3
30229,3
35022,3
67306,3
46138,3
30231,3
87014,3
67334,3
12223,3
87011,3
22172,3
12219,3
86294,3
64029,3
35078,3
12231,3
35085,3
67227,3
50082,3
34261,3
67027,3
34274,3
30042,3
67049,3
24068,3
13029,3
64136,3
64132,3
03102,3
30032,3
30227,3
67108,3
50215,3
22201,3
50196,3
30028,3
24106,3
12273,3
30019,3
87064,3
55029,3
64066,3
30014,3
67110,3
86274,3
67421,3
49253,3
03291,3
15096,3
86121,3
49018,3
22106,3
22094,3
63353,3
12109,3
03309,3
35240,3
68171,3
86140,3
35241,3
48139,3
35247,3
86036,3
12096,3
12094,3
04004,3
12082,3
68218,3
48119,3
35263,3
33284,3
2B251,3
35188,3
55411,3
49050,3
49246,3
64016,3
49228,3
2B341,3
49221,3
33350,3
67463,3
35130,3
12185,3
12180,3
03254,3
67500,3
30243,3
67505,3
49182,3
49176,3
67531,3
49160,3
55202,3
55245,3
35155,3
55324,3
22134,3
68044,3
63397,3
34260,3
48095,3
03036,3
13050,3
65212,3
64439,3
23066,3
53147,3
51573,3
64430,3
14406,3
64424,3
34107,3
34028,3
14431,3
52114,3
34022,3
30141,3
14101,3
14070,3
34010,3
14061,3
01443,3
89206,3
89227,3
51272,3
01427,3
14027,3
65331,3
14514,3
52121,3
22339,3
30164,3
53054,3
64528,3
22362,3
64538,3
64542,3
30156,3
34064,3
14325,3
88470,3
65021,3
53097,3
64492,3
65031,3
65045,3
64484,3
65056,3
88439,3
88429,3
30175,3
14229,3
34078,3
23039,3
34081,3
22389,3
65460,3
34144,3
66004,3
54304,3
66150,3
13071,3
66160,3
14682,3
30077,3
24053,3
66179,3
02810,3
13067,3
66186,3
13076,3
13066,3
30060,3
22214,3
13064,3
13060,3
66205,3
66210,3
34240,3
64185,3
50402,3
14699,3
64168,3
54328,3
13077,3
13078,3
89309,3
51058,3
88188,3
14535,3
34162,3
13104,3
50639,3
34186,3
24011,3
50576,3
66067,3
13097,3
34198,3
22226,3
50543,3
13088,3
50523,3
66085,3
88095,3
50490,3
24026,3
24028,3
66100,3
13080,3
24035,3
30096,3
67010,3
12070,3
06130,3
12021,3
85143,3
2B168,3
85139,3
15268,3
33164,3
15141,3
68329,3
46220,3
48050,3
01210,3
91479,3
70122,3
11303,3
85197,3
36104,3
35337,3
24341,3
91223,3
68307,3
63070,3
48070,3
69204,3
47031,3
91103,3
24486,3
47051,3
68298,3
33075,3
04049,3
46187,3
48045,3
69070,3
15236,3
69269,3
69271,3
46330,3
15162,3
47323,3
36070,3
22056,3
91174,3
24540,3
47300,3
30310,3
48017,3
85144,3
11266,3
48019,3
69259,3
12024,3
85162,3
22070,3
36081,3
21652,3
35353,3
56013,3
69299,3
01229,3
85152,3
15216,3
47280,3
24470,3
85128,3
46173,3
24380,3
70339,3
56066,3
70282,3
22025,3
91339,3
63211,3
47167,3
11188,3
21590,3
70283,3
04030,3
35281,3
04065,3
25047,3
16049,3
91534,3
21599,3
47086,3
63206,3
48086,3
33058,3
2B231,3
30326,3
69149,3
86004,3
68287,3
63015,3
40227,4
17347,4
17421,4
29225,4
13089,4
37027,4
04166,4
07170,4
16192,4
39441,4
50532,4
33162,4
77251,4
76618,4
25547,4
32119,4
60471,4
13051,4
34247,4
95323,4
40257,4
81124,4
76600,4
06012,4
36063,4
44135,4
59178,4
2B034,4
17425,4
06003,4
37031,4
07156,4
07161,4
24432,4
50562,4
56114,4
44143,4
69155,4
34199,4
61006,4
28134,4
95063,4
60684,4
56087,4
33193,4
05166,4
07204,4
62758,4
10238,4
81288,4
22218,4
47097,4
24471,4
64218,4
05149,4
40108,4
66178,4
31149,4
77058,4
89015,4
59106,4
40021,4
77132,4
40019,4
27562,4
76655,4
47078,4
2B010,4
59016,4
56107,4
85011,4
59122,4
38128,4
92002,4
31561,4
64204,4
07236,4
76736,4
66106,4
56243,4
24498,4
66109,4
54265,4
40001,4
07192,4
76754,4
66196,4
07147,4
48092,4
88115,4
18255,4
31446,4
14289,4
38527,4
07026,4
14258,4
07029,4
14243,4
29177,4
29091,4
14225,4
38319,4
38515,4
85120,4
07040,4
79014,4
29084,4
16106,4
65168,4
07048,4
52182,4
59378,4
38563,4
01173,4
60141,4
07058,4
79034,4
78621,4
14305,4
88447,4
01187,4
59647,4
06123,4
06138,4
85106,4
88500,4
06119,4
59560,4
16090,4
70550,4
64493,4
65017,4
59459,4
04111,4
29133,4
06162,4
95585,4
88468,4
38471,4
53062,4
59515,4
29120,4
38486,4
31433,4
62899,4
18083,4
29134,4
07061,4
65195,4
39013,4
07110,4
19036,4
46311,4
14515,4
06030,4
07117,4
05132,4
19057,4
77477,4
07119,4
88218,4
77463,4
13119,4
2B037,4
69275,4
38229,4
14536,4
07132,4
13108,4
22251,4
06018,4
29004,4
25413,4
29002,4
50615,4
06013,4
06023,4
30311,4
81064,4
07101,4
46013,4
78551,4
78545,4
52060,4
78517,4
78498,4
14174,4
29061,4
78440,4
51649,4
71074,4
04096,4
33036,4
71106,4
06050,4
29190,4
06044,4
45315,4
64393,4
64371,4
07086,4
14079,4
23096,4
65362,4
46256,4
24552,4
15258,4
88105,4
15189,4
17318,4
82026,4
09261,4
33333,4
68335,4
74032,4
62543,4
15054,4
42159,4
83112,4
15066,4
22158,4
30258,4
68014,4
03262,4
15138,4
83129,4
55351,4
2B305,4
42187,4
49080,4
37208,4
48063,4
63308,4
73285,4
68063,4
26235,4
73270,4
42248,4
08409,4
85278,4
08363,4
56009,4
41294,4
85243,4
15153,4
94028,4
74154,4
62054,4
49301,4
15029,4
08222,4
12208,4
56018,4
05052,4
35095,4
33522,4
64017,4
72132,4
08302,4
37242,4
15045,4
09280,4
74081,4
83093,4
22166,4
48034,4
49215,4
48036,4
48039,4
24212,4
94002,4
83144,4
84089,4
43048,4
48148,4
26168,4
84088,4
73116,4
09182,4
15120,4
15119,4
06128,4
84080,4
05003,4
12089,4
84041,4
84074,4
84072,4
84069,4
04006,4
68226,4
35257,4
32345,4
84049,4
91027,4
57350,4
35273,4
43136,4
35278,4
21347,4
48152,4
84016,4
30273,4
43040,4
93073,4
09206,4
57631,4
73236,4
2A108,4
42330,4
32256,4
26193,4
86115,4
2A114,4
73219,4
2B283,4
93064,4
67368,4
48194,4
43172,4
12120,4
35211,4
68145,4
2B199,4
62307,4
72346,4
84008,4
21154,4
2B205,4
33300,4
37159,4
21166,4
26183,4
87001,4
83085,4
30005,4
03119,4
91272,4
17297,4
27285,4
82172,4
50184,4
58185,4
14754,4
05096,4
33421,4
17291,4
41025,4
87117,4
10067,4
41045,4
34342,4
01143,4
15005,4
30341,4
91216,4
05077,4
41055,4
41059,4
24133,4
83019,4
56036,4
67167,4
38072,4
29277,4
13002,4
07272,4
10142,4
58246,4
40273,4
40276,4
01247,4
34267,4
13039,4
58226,4
04192,4
87161,4
38103,4
2A359,4
38101,4
56249,4
67066,4
84129,4
67073,4
50236,4
24082,4
58205,4
89364,4
13005,4
24392,4
11379,4
67122,4
32160,4
85236,4
83021,4
2B087,4
24355,4
24147,4
33227,4
57039,4
69064,4
30008,4
69034,4
84118,4
38005,4
21461,4
41151,4
61497,4
62014,4
30346,4
50003,4
67263,4
91161,4
44026,4
74200,4
22195,4
41220,4
09322,4
30230,4
07348,4
33243,4
21423,4
12224,4
74282,4
94052,4
67324,4
19274,4
27016,4
35019,4
05064,4
83055,4
05139,5
30210,5
93008,5
89068,5
93007,5
84025,5
89344,5
85113,5
06027,5
88029,5
34173,5
03023,5
04019,5
34171,5
85109,5
89025,5
84044,5
32107,5
30168,5
30003,5
04073,5
84138,5
02722,5
30006,5
35256,5
29165,5
34063,5
94021,5
2B313,5
37154,5
34095,5
05058,5
2A092,5
34114,5
83032,5
94003,5
92075,5
29195,5
29189,5
83015,5
83123,5
85088,5
34024,5
84123,5
2A276,5
30276,5
36018,5
83142,5
05085,5
92004,5
94054,5
04209,5
94068,5
83087,5
33249,5
81139,5
04173,5
92025,5
34126,5
93051,5
29172,5
88351,5
80620,5
35047,5
29280,5
05070,5
85004,5
05040,5
30080,5
2A139,5
33318,5
73330,5
73023,5
76565,5
63470,5
68154,5
22186,5
12110,5
24253,5
68028,5
27377,5
26146,5
68005,5
64124,5
07307,5
67544,5
24207,5
54528,5
14715,5
76349,5
73107,5
22222,5
67437,5
07322,5
63430,5
22136,5
55463,5
63380,5
56161,5
07167,5
39470,5
07183,5
16015,5
56106,5
56099,5
48131,5
15192,5
74085,5
73132,5
73024,5
63246,5
12098,5
28088,5
68173,5
63264,5
40150,5
40152,5
15142,5
15113,5
15108,5
48132,5
77284,5
64316,5
67411,5
65395,5
23165,5
67152,5
12300,5
67130,5
50218,5
67084,5
66009,5
67052,5
66024,5
66025,5
24067,5
66048,5
26301,5
50502,5
66093,5
13042,5
74123,5
13049,5
26315,5
66171,5
50146,5
41232,5
74218,5
41167,5
73142,5
14437,5
67353,5
49331,5
73181,5
67300,5
73191,5
64477,5
73197,5
41046,5
64335,5
76035,5
74299,5
09030,5
14338,5
14327,5
50066,5
67218,5
12270,5
67180,5
27056,5
24091,5
22353,5
12050,5
66182,5
77296,5
44097,5
69081,5
10030,5
61038,5
25462,5
19148,5
46251,5
46215,5
44012,5
71221,5
38544,5
29037,5
57046,5
43268,5
43267,5
11367,5
07014,5
26006,5
38522,5
62038,5
79048,5
29083,5
62056,5
29082,5
17168,5
57757,5
29024,5
69282,5
44211,5
69264,5
62261,5
77291,5
17311,5
47165,5
47201,5
17140,5
21464,5
48009,5
06155,5
62849,5
72269,5
80182,5
46201,5
29003,5
11124,5
59271,5
28280,5
68317,5
07129,5
68296,5
62765,5
26071,5
18233,5
56251,5
06153,5
59599,5
09285,5
62688,5
11206,5
56258,5
39434,5
59526,5
07115,5
26215,6
44210,6
45302,6
50042,6
50353,6
50349,6
26220,6
50031,6
85155,6
13056,6
25361,6
46268,6
74016,6
30029,6
36228,6
25434,6
50147,6
46185,6
73328,6
85047,6
2B020,6
11145,6
24559,6
35004,6
11113,6
50099,6
67210,6
13038,6
73235,6
44136,6
67299,6
35236,6
37123,6
24322,6
48155,6
48021,6
68338,6
43221,6
35255,6
37104,6
26074,6
26058,6
43135,6
68300,6
48088,6
85307,6
73011,6
35284,6
29151,6
73006,6
68297,6
43154,6
48075,6
24291,6
2A212,6
44006,6
49069,6
2A130,6
84003,6
44195,6
44184,6
69270,6
43037,6
67365,6
67377,6
2B007,6
84020,6
11310,6
12200,6
2B148,6
67462,6
24395,6
85222,6
44106,6
24356,6
24223,6
69072,6
43091,6
71543,6
44020,6
24152,6
65267,6
71073,6
66167,6
07080,6
39154,6
57019,6
56262,6
30339,6
92048,6
92044,6
92023,6
56241,6
07130,6
62774,6
56214,6
30334,6
77316,6
06011,6
63014,6
21584,6
22093,6
40187,6
63300,6
40097,6
30293,6
56069,6
29197,6
38179,6
22016,6
37243,6
77108,6
63103,6
30321,6
81193,6
05157,6
93001,6
93005,6
29040,6
95018,6
17369,6
19140,6
60612,6
32013,6
80039,6
80533,6
01033,6
06121,6
17461,6
06148,6
38422,6
60282,6
18197,6
31254,6
64006,6
94043,6
39041,6
93006,6
06056,6
06059,6
62588,6
21412,6
21390,6
17228,6
30351,6
06073,6
17015,6
78490,6
07069,6
57630,6
62239,6
57227,6
14762,6
33192,6
26364,6
76192,6
01451,6
88383,6
34023,6
14021,6
01457,6
64499,6
83007,6
64504,6
34052,6
29293,6
22360,6
02168,6
74290,6
83023,6
88516,6
65004,6
22379,6
65025,6
14312,6
23008,6
52269,6
30131,6
65169,6
46040,6
22302,6
82169,6
34108,6
64336,6
64348,6
30212,6
40312,6
88116,6
66142,6
66148,6
74147,6
07301,6
14566,6
01354,6
89263,6
76255,6
66003,6
34324,7
66164,7
2B134,7
17161,7
85100,7
04088,7
71014,7
24037,7
46127,7
58180,7
61145,7
2B093,7
70311,7
85114,7
34160,7
34154,7
51230,7
95280,7
01053,7
30130,7
59107,7
13011,7
65481,7
04094,7
61169,7
22198,7
24366,7
85191,7
67447,7
64189,7
64160,7
63178,7
12168,7
89387,7
64279,7
56054,7
22055,7
64104,7
12167,7
49125,7
22162,7
22187,7
89418,7
2B143,7
91477,7
48080,7
34333,7
57606,7
17093,7
47195,7
34079,7
12160,7
63077,7
30007,7
14409,7
92051,7
35360,7
35051,7
22278,7
56178,7
92073,7
29150,7
68277,7
74256,7
26056,7
85012,7
39275,7
45028,7
73248,7
09029,7
29217,7
41269,7
77268,7
07165,7
44182,7
74001,7
2A215,7
2A269,7
07331,7
26347,7
29233,7
07328,7
40133,7
05101,7
40209,7
40217,7
76575,7
37226,7
40279,7
82038,7
39510,7
37132,7
45053,7
29023,7
73064,7
84037,7
06136,7
85082,7
38442,7
29158,7
84035,7
84031,7
74249,7
07023,7
06094,7
26198,7
78640,7
09122,7
45208,7
45075,7
39198,7
06069,7
73034,7
83002,7
78423,7
74315,7
45155,7
74173,7
29188,7
43234,7
74121,7
83071,8
88114,8
34209,8
83065,8
34336,8
66190,8
73098,8
35115,8
43051,8
05007,8
49261,8
73157,8
88075,8
35055,8
83122,8
34293,8
74033,8
67045,8
67021,8
66212,8
03185,8
08105,8
22210,8
65295,8
39300,8
33005,8
06032,8
29021,8
29057,8
93048,8
93070,8
17121,8
06084,8
80649,8
17219,8
94041,8
94080,8
06157,8
17452,8
06127,8
29153,8
07128,8
83050,8
01160,8
63038,8
83046,8
88413,8
74267,8
74280,8
14365,8
05093,8
33550,8
76276,8
64256,8
64249,8
64065,8
22179,8
07268,8
56007,8
63247,8
56078,8
56116,8
63026,8
49020,8
59606,8
35287,8
26063,8
04226,8
71342,8
69266,8
71532,8
45232,8
24587,8
44126,8
37014,8
69135,8
48094,8
44110,8
71137,8
85146,8
68269,8
11202,8
24577,8
12119,8
68112,8
2A249,8
11076,8
74242,9
29176,9
29101,9
33097,9
65032,9
15219,9
52448,9
58303,9
33199,9
07079,9
74263,9
83119,9
13047,9
05181,9
44162,9
93078,9
74014,9
57672,9
12253,9
17094,9
13022,9
46309,9
2A065,9
29022,9
92024,9
69290,9
83101,9
74104,9
84092,9
07019,9
06104,9
07306,9
04144,9
22113,9
76259,9
86066,9
22242,9
19019,9
37122,9
36044,9
40157,9
64422,9
91228,9
05001,9
06152,9
18279,9
84054,9
07334,9
40287,9
15014,9
03190,9
37072,9
06163,9
86137,9
61001,9
17411,9
29155,9
68078,9
40266,10
74143,10
83068,10
29031,10
62645,10
13100,10
33394,10
92036,10
66049,10
66016,10
07291,10
43157,10
77468,10
74281,10
14333,10
05161,10
74136,10
74273,10
22343,10
64495,10
69029,10
65123,10
44154,10
14220,10
56152,10
56155,10
56005,10
76254,10
85164,10
05065,10
27229,10
40328,10
40326,10
07126,10
05133,10
64213,10
89446,10
06085,10
79100,10
24064,10
34270,10
26281,10
04135,10
84019,10
66222,10
59260,10
2B049,10
49244,10
83126,10
48116,10
62108,10
74012,10
2A189,10
17323,10
25388,10
26113,10
68090,10
2B121,10
09032,10
95127,10
73150,10
17019,10
11185,11
26086,11
04112,11
56003,11
2B354,11
33203,11
79202,11
04001,11
59009,11
17230,11
34057,11
12214,11
58194,11
14488,11
40088,11
68162,11
11170,11
44049,11
91377,11
05098,11
17299,11
30010,11
14366,11
66149,11
04070,11
60159,11
02691,11
92063,11
19031,11
81065,11
56162,11
74058,11
84137,11
33011,11
12176,11
44132,11
51108,11
65440,11
29006,11
67092,11
76711,11
82121,11
40192,11
34145,11
44131,12
80333,12
07324,12
2B298,12
53130,12
40184,12
84017,12
64014,12
64024,12
30269,12
07304,12
22054,12
40310,12
46042,12
56002,12
44125,12
40296,12
47001,12
66124,12
46102,12
07207,12
23176,12
14117,12
85288,12
48096,12
93066,12
77186,12
34329,12
94065,12
13053,12
56234,12
2A272,12
92046,12
85127,12
66037,12
06161,12
93055,12
74080,12
07201,12
83137,12
83009,12
15187,12
02408,13
56240,13
88160,13
86207,13
84050,13
37050,13
74134,13
60057,13
62826,13
55545,13
84062,13
50041,13
29046,13
83107,13
76217,13
74258,13
33236,13
13103,13
48061,13
73307,13
38548,13
77379,13
56168,13
35093,13
56052,14
85035,14
40181,14
90010,14
2B033,14
80721,14
07199,14
06120,14
40065,14
64040,14
71076,14
65388,14
67348,14
89024,14
73176,14
64320,14
73206,14
73227,14
68249,14
34129,14
86062,14
49099,14
34192,14
13117,14
33514,14
05079,15
62160,15
64545,15
74275,15
38186,15
92049,15
05177,15
73306,15
92026,15
17051,15
71270,15
17333,15
92062,15
13028,15
83115,15
38052,15
18033,15
31042,15
17380,16
33540,16
64260,16
74119,16
33529,16
48027,16
48104,16
06159,16
83061,16
24172,16
29042,16
05023,16
12202,16
66053,16
92050,16
33214,16
62041,16
68224,16
29039,16
80228,16
66017,17
12076,17
07031,17
12145,17
62193,17
04039,17
74236,17
74063,17
87085,17
16102,17
88531,17
56121,17
22282,17
82155,17
05063,18
38225,18
73296,18
35049,18
31069,18
14047,18
34301,18
73057,18
44069,18
34032,18
17415,18
28085,18
92040,19
17385,19
40304,19
78646,19
22168,19
59183,19
65192,19
34150,19
65059,19
2A362,19
29058,19
29239,19
79191,20
49328,20
2A041,20
48146,20
33009,20
34299,20
24520,20
26362,20
34344,20
41018,21
37003,21
85163,21
81004,21
03310,21
05061,21
13096,22
40046,22
83118,22
62893,22
46240,22
06079,22
22050,22
44055,22
85302,23
06083,23
10387,23
64102,23
42218,23
92012,23
56186,23
30133,23
73015,23
82112,23
33281,23
50129,24
76351,24
49007,24
50410,24
64485,24
2A004,24
72154,24
56034,24
17337,24
2B096,25
61483,25
95527,25
80021,25
73054,25
07330,25
56260,25
85294,26
11262,26
17225,26
29232,26
73290,26
65138,26
38191,26
63047,27
64445,27
83070,27
25056,28
88196,28
34332,28
2B050,29
73008,29
30189,29
45234,30
86194,30
2A198,30
76540,31
85226,31
17306,31
84087,32
73065,32
57463,32
66136,33
64125,34
54395,34
73304,35
14118,35
21231,36
21054,36
68066,36
73257,37
51454,38
63236,38
72181,39
11069,39
74010,41
29019,42
17300,42
85194,45
13004,45
63113,45
85234,45
64122,46
38185,46
73040,46
64483,46
35238,47
38253,50
2A247,51
83069,55
06029,56
37261,56
13001,56
34003,63
74056,63
44109,63
35288,64
74191,64
84007,65
66008,65
06004,66
34172,67
59350,72
33063,82
73047,92
67482,93
31555,104
13055,115
69123,129
65286,156
06088,158
75056,1340
