municipality_code,calculation
01004,-0.5953554884066247
01007,-2.083191590558264
01031,0.5945893781579581
01034,-1.757043074277049
01043,1.9621017228487745
01049,1.8042030299629583
01053,-0.5783104012014932
01071,0.8123471013607398
01089,-0.4699546488711417
01093,-0.16287489901354593
01109,-1.3210760825279997
01135,1.0428843899572622
01138,-0.1902166370744483
01142,-0.01911058018895031
01143,1.31297579437997
01153,2.5867649697656785
01157,0.02673577907291781
01160,-0.4707698762330743
01173,-0.2875407771290916
01202,0.6529222349161532
01238,1.9844251648371611
01244,0.01772143217101919
01248,1.9820339736496322
01254,1.9789468141794033
01263,1.6061560835895459
01269,-1.87284441355316
01281,-0.681725680307839
01283,-0.3434376660327973
01289,1.0545622342198304
01304,0.028762294828244217
01305,-1.8899380033009443
01313,-0.19239132649477028
01320,-0.36138759476949583
01322,2.436914819124184
01348,-0.2370509811438753
01350,0.3900129421110883
01354,-0.035875968833530184
01376,1.3164386919343647
01378,1.5547778258879057
01384,-1.9667530128481387
01419,1.2399425508599449
01426,-0.15041187070423548
01427,0.2584831387763095
01443,-0.39218730576418165
01450,1.5546646430222217
01451,-0.826689578410307
01457,-1.0994659164281004
02168,-1.289143045903122
02173,-1.5962583851858545
02243,-0.20677394809500385
02290,-2.751935505159861
02305,-0.938567905317044
02361,-0.5942783071095794
02381,-2.715977578332893
02408,-2.7910964228437996
02558,-0.992183501469541
02691,-1.5683773106165584
02722,-1.442679576456774
02738,-1.6328089374543047
02789,-1.4281940973899157
02810,-0.4745172907826133
03001,0.5511267932299388
03013,-0.8600411081508634
03023,0.4465842281089244
03036,-0.25307163169636865
03084,-1.594243614755357
03102,-0.6485259716125368
03118,0.20323287096361856
03128,0.2906566233517553
03185,-0.640068592314398
03190,-1.4261464820774394
03195,-0.3997853229982316
03211,0.5913536410538573
03254,-0.26398706312073406
03262,0.13685262522897146
03264,0.16705764400253864
03298,-1.2605447250123736
03310,-1.383019342258383
03321,-0.741436096112159
04019,-1.8522900063161856
04049,-0.3505851019634444
04070,-2.1279284241751566
04088,-2.8346496063388757
04094,-1.0851421427269003
04112,-1.6018442241578807
04197,-0.6970648992049959
04209,-1.8539919540035004
04230,-1.9161022850145168
04242,-1.0709885383160802
04245,-2.798674328934842
05006,-0.2968672402736429
05023,-1.0399135660972356
05040,-0.388659884198535
05046,-0.1498051409949041
05061,-1.1628316064340067
05065,-1.474528869254176
05070,-0.951833120194005
05132,-1.0212468391260139
05170,-0.9744307515438699
05179,-0.4569802248544021
06004,1.028003363615913
06010,5.840211700341141
06011,3.8019992131105034
06012,3.4513243247601686
06018,7.820843211805034
06023,2.7923969331379905
06027,3.5556151545939216
06029,0.7600911568756581
06030,4.484002871753634
06032,5.3819169770870205
06033,4.568992436417028
06038,7.218328643165788
06044,4.992513878496494
06046,4.9199264838161
06048,3.1375275196938515
06059,4.906989080714437
06069,3.854606383961272
06079,3.188310327379468
06083,2.3311842698951066
06084,5.576623390656108
06085,5.314844306760692
06088,-5.711564910235576
06089,8.48567399015996
06090,4.413190390483165
06095,6.49718815897352
06104,3.475815175056694
06105,6.68303940335679
06112,6.926698215116946
06118,5.4348940503459096
06122,4.151511974772126
06123,4.749314392607609
06128,6.056784564213785
06130,4.1621118511897714
06136,2.7455145866938886
06148,4.400433281567333
06149,3.648889377743751
06150,4.886498473797493
06152,7.235499640253911
06155,4.3597013127576965
06157,4.205195016677253
06159,4.286799706160091
06161,4.787502880233896
06163,1.9358969008760518
07010,0.01942615252483261
07019,-0.8484949873031745
07042,-0.5115879357346764
07055,1.1710062377824924
07064,-0.379886766706466
07076,1.3326704923692192
07078,1.000129407746075
07117,-1.0761176597736404
07129,-2.3674941793915254
07138,-0.2501635666926957
07172,1.453371639478828
07181,-0.8063367996415944
07186,0.7045626590009101
07191,1.2630942705509844
07201,-1.169285913948444
07204,-0.7543089715615247
07231,0.6436709796874729
07245,-0.42632539413114473
07264,1.2451229842386629
07281,1.8965520423317024
07308,-0.4871309728862762
07316,-0.2051880643383825
07324,-0.502956167015592
07325,0.8229611421296796
07330,-1.5878648714653827
07331,-0.9662261440516406
07334,-1.2096912797442847
07341,1.0492527324321528
07346,0.08013042757775213
08081,-2.6053552087551575
08090,-1.6541386939979972
08105,-1.1284303888407425
08145,0.026946607494168752
08185,-0.8830122060299518
08190,-1.0311713949962606
08302,-0.5964336327877868
08311,-2.125908999712361
08362,-1.5886756900761363
08363,-2.222120361017204
08367,-1.63843537745397
08409,-1.4971651053647363
08480,0.5657682143800897
09122,-1.6246563944436727
09160,-1.9520728480043608
09185,-0.497999198137841
09194,-0.1022948613018527
09225,-0.24565467834590562
09261,-1.7940426542844086
09306,-1.4373912329100067
10006,-0.9612689480491063
10033,-1.4483691632602138
10060,-0.8123770161452464
10081,-0.26928595534551825
10268,-0.08104722507036347
10323,-0.9777402249254667
10325,-1.0373617605074459
10333,-0.6374157877238369
10340,-1.284424752532164
10357,0.20178526157918486
10362,-0.3378593407974694
10387,-2.3965260520606835
11012,-2.8769391264917568
11049,-3.0864947256755673
11069,-3.699138176367396
11076,-2.540446674167611
11099,-1.859286293890057
11145,-0.9145626992812197
11170,-1.1900767975628745
11202,-1.285713546370119
11203,-0.8953914850486621
11206,-1.7621294139859962
11262,-2.185902181662162
11266,-0.47088388301278644
11269,-3.0230610913281413
11279,-3.045840635556819
11304,-0.4181745230979191
11353,-2.9016152132870747
11360,-2.82473602419171
11369,-2.47955465683171
11379,-1.3148237398282168
11429,0.13490111145998412
11441,-0.8682659581167318
12033,-0.4159842865757204
12043,-1.2824696556890396
12052,0.9219344754501908
12056,1.2773524416942559
12089,-1.735145030380668
12096,0.1479612133637406
12120,-0.7909510426416597
12145,-0.6696661495890756
12146,1.8953506756275538
12169,1.3835837606270456
12174,0.3962850150749699
12176,-1.0890838654288046
12197,-1.454187640288
12202,-0.433585073393519
12208,1.1044969555782758
12224,0.4996224078463486
12254,-1.290761755134013
12264,0.26336194744976626
12270,-0.3513044976968985
12300,-0.5864989625101709
13001,0.773311916773318
13002,3.9059185004865213
13003,4.964691645450803
13004,-0.17693393147206082
13005,3.2572177831957148
13010,1.40524364774526
13015,4.828735149315447
13021,6.616971563271669
13022,4.068898714930425
13023,3.4255007197026663
13026,2.054216875604765
13027,3.6930194768712865
13028,2.558646403422026
13031,2.853892548382182
13038,3.1695422970140403
13039,3.216770003352103
13040,3.595952655119059
13042,4.021227656089742
13044,3.0269060875905796
13046,3.9499633645107473
13047,3.2153826270163224
13048,1.8111328319447246
13049,1.6751008229288726
13050,2.458439479816931
13051,2.279174023860982
13053,1.2640661615626223
13055,-4.235086813987403
13056,2.833096091061578
13058,4.452662454887106
13060,4.171925359276724
13064,3.0375015188292873
13065,4.677049451981725
13066,3.3452693901676347
13067,2.849636871750112
13069,3.796822354678153
13070,3.384721933831827
13071,3.9669910113884215
13072,3.722588576361834
13073,5.334475369030276
13075,4.653358592674932
13076,1.434222118932384
13077,2.6011788024387785
13078,3.49265475266769
13080,3.874144402986687
13082,3.806042515248655
13083,2.9300372622263633
13084,1.8880537125464134
13085,3.5516118684828704
13087,3.535813369364748
13088,2.6269371343448973
13089,1.991275508049861
13091,2.4080038750102597
13096,0.5921511871523852
13097,3.1984537476645998
13098,3.8393759052916607
13100,2.4582986785823318
13102,3.8837520881750294
13103,2.9588639666354046
13104,3.538671240598687
13106,2.802687093316036
13108,2.3244529503313727
13109,6.02450291812599
13110,4.622577552356872
13112,4.458829619821788
13117,2.4550833653386817
13119,3.8419491068625846
14047,-0.8140964571874842
14060,1.6419719515898443
14061,-1.3530515943382846
14066,0.01220894428186361
14101,1.2407456751794745
14117,-0.27581614431149226
14118,-0.48233618923174937
14166,2.1443787583533096
14167,1.1729416152841363
14174,-0.07746629733466633
14191,0.5436358632925604
14220,0.1438196423367857
14225,0.48939800175393167
14229,-0.8780315161358825
14258,0.060787486509965946
14325,1.4225407633976201
14327,0.4637841617380437
14333,-0.29534541530210684
14341,1.121304518860154
14342,-0.11177153610583426
14365,0.4003048287601453
14366,-0.4937422367607602
14371,0.6314679844287211
14384,2.1132733909260994
14409,1.190180440171439
14437,0.4340308904358389
14488,0.36626627809550183
14514,0.3648876239862903
14516,-0.5491285519734423
14536,0.7417992962379559
14562,1.8582810014652886
14566,2.684441448385461
14570,-2.046124546505785
14699,-0.20081425898895217
14712,-0.020418824914263323
14715,0.37436572561412923
14726,-2.265914793886355
14754,0.1098886755494954
14762,-0.29855120765072385
15012,0.9827877391502655
15014,0.4274620071226716
15083,1.4675960377539978
15120,-0.1181534425038319
15122,0.08346644402959118
15162,0.3784630302828645
15187,-0.2282895939251059
15267,0.48285698834125856
16015,0.496579753561836
16085,-1.8027677490181397
16089,1.097991828189103
16090,-1.5222418264598918
16102,-1.020886654588742
16106,-0.12623869561183737
16154,0.608240076801177
16167,0.8891489397561884
16223,-0.9022949390088172
16286,-2.33391632224484
16287,0.9345688455166382
16358,-0.3521207745323179
16374,-2.2009004140188564
17003,0.3302865261383702
17010,1.1984368781210955
17021,-1.3321771080030236
17028,-0.12729818320445327
17051,0.14926218492311114
17058,-1.1252362188644927
17064,0.6331577733828564
17093,-1.3115611202823871
17094,0.49152364350110345
17131,-1.7562125352995348
17140,-0.7677964574701688
17142,1.0304968662716485
17153,-1.3197008140001059
17155,-0.09756196721866969
17161,-0.1314486988355102
17168,0.05285072342656427
17185,-2.368140450886477
17190,2.0431398592279146
17200,0.3556024966223491
17218,-1.889877139928819
17225,-1.0706412265633831
17228,-0.45599478734785326
17230,-0.5842208844281342
17240,-0.3781421865008191
17283,-0.14063169186751637
17291,0.47500161362779875
17297,0.5119764131639578
17299,-1.5749790021613996
17300,-0.6300591319191085
17306,-2.394175008451832
17333,-0.6306462784178055
17336,-1.0757078573521215
17337,-1.7920803762391149
17347,-0.5220161170540453
17351,0.5018330529614579
17353,0.8184805091857201
17360,0.8256264008946562
17369,-1.1240006268653635
17373,-2.334171150915964
17380,-0.11169741062508906
17385,-2.390213406921273
17409,0.21372705304501277
17415,-1.2126161327509226
17420,1.1785435261084511
17421,-1.4095150242054384
17425,-0.901418722722911
17434,-1.0087392310581045
17449,0.2275118557798169
17452,-0.9317408125081549
17461,-0.3170494692986733
18011,-1.8446556548050108
18015,0.5415846773525533
18033,0.1585630888393897
18087,0.20980194990717008
18108,-1.6527428443593624
18141,0.29881324191273073
18197,-1.5484212814696898
18205,1.3077663391233512
18223,-1.548703971582856
18279,-1.1646935872441466
18281,-0.5989469914250165
19028,-2.104783618237766
19031,-1.0873406473631684
19072,0.09003491165493513
19073,-0.4544934404408013
19121,-2.010717403847141
19136,-3.0948809997251545
19146,-1.0724809913414437
19229,-1.2043469683405745
19272,-0.6258771648851708
19274,-0.4668269416325964
19275,-2.1232567485593297
19276,-1.4536179164172724
21021,2.594019662252824
21054,-1.8296415074415422
21103,0.1870010510012957
21154,0.1792892398057916
21166,0.6621781201092206
21231,-0.5190350730988275
21292,0.16095551287357046
21295,0.29986874652099804
21317,-0.034426056261512836
21355,0.07307894491257302
21390,1.799699179918352
21425,0.4108920870098526
21464,0.32714536697388097
21481,0.7665042742872132
21515,0.2501526833695148
21540,0.8740573135782853
21584,-0.7781536770810074
21599,0.47797193129534915
21605,0.7061457129554107
21607,-0.06704864840489848
21617,2.479922035647802
21663,1.0867411865529077
22004,-0.1565482991314822
22013,-2.1324632363128746
22020,0.5865930947638633
22025,-0.3231155189869643
22048,-0.6259160900506275
22050,-1.6400278963036663
22054,-0.06384677838587421
22070,-0.5001394978650759
22081,1.055285670482666
22093,-0.3722409596024544
22106,0.27887251095142884
22113,0.3795310864581272
22118,1.531417806069023
22134,2.398544045063842
22135,0.6970009178729824
22136,-0.43746043490521147
22147,0.10769364294386015
22161,1.0020849598866748
22162,-0.6601101458718819
22166,0.5044425881742312
22168,0.2659438540748364
22172,0.15991437482601836
22183,0.3578446429592507
22186,-0.11018303168472132
22187,1.2288954860241796
22190,0.09965745956037428
22194,0.0728320725934514
22195,-1.0164490513648494
22197,-0.1910436710084001
22198,1.4599013811843617
22203,-1.297085392174757
22207,-0.3166629105477549
22210,0.7251970580132245
22211,-0.27555062737653974
22213,2.3256091207428846
22214,-0.045284693436828505
22215,-0.21781583650969108
22222,-0.6389517820690422
22225,-0.211421527181328
22226,-1.6898514774419837
22233,-1.6362182391258195
22237,0.4847790575676866
22251,0.7273992590136396
22258,-2.0186864945507623
22259,-1.099304885854228
22262,0.12149431631208644
22266,-2.2937234795223818
22272,0.6774924911760507
22273,-0.3110823697920267
22278,-0.19258731332903056
22282,-0.2098781776230902
22325,0.7041326349175635
22339,0.45121884820806957
22343,1.1668594432728376
22353,0.8530212491364875
22360,0.8122916638875253
22362,-0.48668331216933314
22389,-0.7570168435573812
23008,-2.3568443066500144
23096,-1.4495913991172635
23176,-2.409505038890147
24037,-2.172216146739964
24053,-0.13531093343313644
24064,-1.3725436518374705
24067,-1.453091100205596
24222,-0.7723194310485524
24223,-1.5919810285440632
24256,-0.8974758939417583
24294,-1.862746606226502
24299,-1.5930067094043405
24309,0.001686821973602315
24311,-0.013231858313091071
24322,-0.9465166160121402
24335,-1.522120135475771
24352,-2.8481134672346626
24354,0.1721270765367912
24372,-1.6517448578213645
24520,-2.5616281131906784
24547,0.11644986748765547
24551,-2.0261848792389197
25031,1.0327296791907172
25043,0.8370874474692912
25047,-0.17427836269094388
25056,-0.5854835536917684
25127,-0.022949474634384737
25212,0.8798484604045902
25230,1.1874630151824643
25284,-0.14020461523726593
25315,-0.49318411595951817
25321,-1.1519278480158974
25334,0.7278267830039066
25356,0.6536235749954283
25367,0.8888719791656274
25388,0.28785793188508946
25403,-1.5653573780054595
25411,0.13917187715025534
25434,0.21813854050866194
25462,0.271353837405285
25463,0.9978438571664568
25512,-0.26682386352886406
25532,1.6150125788918968
25547,-0.3645224645524992
25578,1.1306867427259202
25632,0.43837064929397745
26004,1.1094579102284075
26006,0.5167570668060771
26010,0.9139208953637645
26011,-1.422368447096781
26037,-0.1668394599258795
26057,0.6010896936579796
26058,0.19366091588298398
26063,-0.4466701381547681
26064,1.2985931101380843
26084,0.41035161375579754
26085,1.0111466257822053
26108,0.48624021653816385
26113,-1.611024804149561
26114,-1.329961564342499
26169,0.07368218041944317
26179,-1.3061984614700899
26197,0.9902509524780303
26198,0.13270962048089607
26220,-0.8640728722358688
26231,-0.8915801915631498
26235,0.1730944722112921
26250,0.33412464586476687
26271,-0.7504455132212237
26281,-1.9739265620684634
26301,0.2620626446515898
26307,-0.09560990803914757
26313,0.0031067096289304264
26324,1.7873233512651467
26333,0.4375741755963977
26345,1.2757762118415799
26347,-1.2989211836706995
26357,0.64072061950882
26362,-0.595174135483399
27016,-1.722524963679568
27049,-3.061394830879299
27051,-1.431733608738399
27056,-1.4747452056929589
27065,0.2815822184671707
27082,-2.208257689585682
27103,-0.2700350261662666
27112,-1.5855358435425533
27116,-0.5308495419075261
27229,-0.8803786648347878
27230,-0.016099499217846702
27284,-0.7454349665533094
27355,0.05885206709845916
27365,-2.567856323999642
27375,-0.04951286736948646
27428,0.1468525506964861
27438,-0.42949041770726365
27448,-0.6947681707757776
27458,-2.9269359905332073
27467,-0.8742451207104669
27469,-0.3360971954036566
27528,1.288523705773099
27562,0.3108263049968044
27681,0.0427006217860171
27701,-0.12587116101719675
28007,-2.17699840116001
28051,-2.24927017349257
28061,-2.016586990969901
28085,-1.479735689469964
28088,-1.787625414614709
28110,0.07656383876866879
28116,-0.3139214773483631
28134,-0.764903573699905
28140,-0.9678140071845265
28196,-1.551758632388865
28218,-1.607875441787425
28227,-0.07894013668996251
28280,-2.7007442269053916
28359,-2.3082104287447236
28373,-1.0337776907820229
28391,-0.6409307680512878
29003,-0.8164295538397595
29004,-1.0457759518381735
29006,0.6820662437822982
29019,-1.8826809144200805
29020,-2.6301569304642483
29022,-1.2441839357918165
29023,1.0273953788736392
29024,-1.47851051893374
29026,-0.2578428706701303
29027,-0.7194643364989249
29030,-0.3845165353857724
29031,0.380431736160373
29032,-0.02602527772679527
29037,-0.5810606364237352
29039,-0.49795669550074184
29040,0.5976315035676153
29042,-1.5842988102412652
29044,0.13214152076204488
29046,-0.9455737016157885
29051,1.2079476262643318
29057,0.5113501792844245
29058,-0.25081915567366536
29060,-0.5311211523551421
29061,0.40107996531200263
29072,0.8542983320100049
29075,0.040554609365078445
29077,0.05436476436743477
29091,0.11962194784263953
29101,0.24544677169763082
29103,0.8375708109283945
29105,0.6804489411699339
29117,-0.4027690439390469
29120,-0.3417565179758895
29130,1.6809077935369026
29135,-0.9455909948961526
29137,0.41373161255122815
29147,-0.31043832592108506
29150,-1.0889305835702792
29151,-0.8490415712545649
29153,0.13965253022553453
29158,-0.0036573231996905988
29162,-1.0892503475602147
29163,-0.7152462181678549
29165,0.034341771419750054
29170,1.095582638852035
29171,0.39542306800781646
29172,-0.8669696807586835
29174,0.5536348973708395
29177,0.8372102759533485
29184,0.013060497381429337
29185,-0.14157578541792204
29188,-0.37419363418071566
29189,1.7421208651185058
29190,1.1683872559029134
29195,-0.09401893231423104
29197,-0.3829698657611463
29199,-1.202365561691405
29201,0.5108758583504449
29206,0.39486461646639265
29210,-1.5781122057319241
29215,-1.5719753700900019
29216,-0.3620527339820107
29217,-1.166612197376608
29220,-0.23809908748651393
29225,-1.165953569467542
29232,-1.048709232229663
29233,-1.0828268261602056
29234,-2.041274744171126
29235,2.1949716097648797
29236,-0.7033216725318292
29239,-0.4042179333165886
29241,-1.2771048275024983
29247,-1.0793256723321698
29254,-0.8676290227579291
29257,1.2005049648783621
29259,-0.6273651804968345
29260,0.4334207320270691
29266,-1.5854667357409178
29272,-1.3832609628162993
29273,1.1120338252811062
29274,-1.8144338403833107
29277,-0.9209785755036993
29279,0.6353934377552296
29280,0.0990810645523971
29284,0.2965381645883932
29293,0.3552510118130357
2A004,-1.061845651346429
2A006,-0.9559923391844691
2A041,-2.152076071264284
2A103,-0.17466960018022246
2A130,0.00024688431242831933
2A247,-3.978504211119598
2A249,-0.7975131997680848
2A272,-2.38730242964849
2A362,-1.8386895291274605
2B009,-1.0621521921599135
2B033,-1.3988223220526
2B037,-0.34168972991314533
2B042,-1.468740869182011
2B049,-1.8559419949805924
2B050,-2.773064223645007
2B087,-2.348323924256105
2B096,-2.601716958022667
2B123,-1.3962168860825233
2B134,-1.2691131169355052
2B148,-1.5177202897162576
2B207,0.46059468750839844
2B251,-3.249549414956872
2B305,-0.5727659189732444
2B313,-0.8528091263984124
2B342,-2.737650732156758
2B353,0.11485616648309427
30003,-0.23286935761480318
30004,-0.09008165078391214
30006,-0.5473165670334291
30007,-0.7421891156649997
30010,-1.372274787682177
30011,0.8143628105441684
30019,-0.09313818266575216
30020,-1.7667652200842603
30028,0.6602153204874368
30032,-0.9409133800974889
30037,-1.450214960611111
30039,0.41244642291729194
30042,-1.0442695816332983
30059,-1.891433537953222
30060,-0.6126974250014158
30062,-0.03460423405405468
30123,1.3649862734773899
30128,-1.402151395152745
30133,-1.0824915634775047
30138,-0.7440540792153751
30141,0.4139228553087996
30152,0.6705458227164449
30156,0.34435303016090846
30166,-1.8951179498099946
30179,0.8506684156460269
30189,0.6189262244890343
30202,-0.05555405633196633
30210,-0.7827591469618607
30212,-0.5387452718366801
30214,0.9964115394201849
30227,0.14813398362224564
30258,-1.1417316650382734
30263,-0.715853581344151
30269,-1.6671574316749211
30276,-0.4504245088195072
30278,2.296764863130355
30284,-0.8301848115836645
30295,0.37052499364685915
30302,-1.0289883845141086
30305,0.7488607024919636
30312,2.3540883466809785
30321,-0.656981919574204
30333,-0.3896626370161573
30334,-0.4692250789022395
30341,-0.5443892929446068
30344,0.13629744211176595
30350,0.044735216490991624
30351,1.577871911906186
31004,4.146118273383441
31035,3.7777295199858285
31042,0.5025753365117162
31044,1.9647411107715822
31069,3.101981940891944
31091,3.0803946045419055
31106,2.2811160325696265
31118,2.2908098489376254
31149,2.9306891354925364
31157,4.12415067143697
31165,0.3949524574325855
31232,1.346713401766939
31248,0.5365445976861271
31254,3.485317562428539
31291,2.2545813893555313
31324,2.0391422250003757
31341,3.1844044445352493
31375,1.5924734045224378
31390,2.1645773032822557
31395,3.3185390402344574
31399,2.042708434963341
31420,2.3691307182140617
31433,2.026768834217134
31445,2.7306485681395216
31446,2.2788762894198284
31451,1.1702861708452097
31454,1.5804249544706894
31458,2.2930216133647425
31483,1.8597732071841058
31499,2.412897655402069
31517,1.3413066206917175
31555,-2.2932975835025333
31557,4.235821285288106
31561,3.8038414672275147
31574,3.1582116526714183
31582,3.2557548290289304
31588,2.2890355052032505
32013,-0.8347408876076999
32107,-2.2562746669782334
32119,-1.308345972496807
32132,-1.4424601781061448
32147,0.17166168716330507
32160,0.17405945761878794
32208,-2.06450477715807
32213,-1.136110941503241
32256,-1.7294927212939837
32296,-2.896959385855847
32410,0.5802897651567412
33005,1.8798739680121959
33009,0.8420214208562327
33011,0.9255589372358374
33012,1.4802958114837537
33013,1.1797873398186929
33019,1.7046780084776674
33029,0.8690616675583167
33032,-0.8239169857575892
33036,0.21522620336867831
33039,0.5480774251316164
33042,-0.909179475337238
33051,-0.003015284487769954
33056,1.5875845793324161
33058,0.21625310121655103
33063,-1.7980572105317858
33067,-0.16829512661689125
33069,1.927103100728346
33075,1.394554936903674
33080,-0.32333675471157874
33081,0.6352517877220494
33097,1.0254356913068805
33108,0.3706553574177805
33119,-0.11733183674359227
33138,0.4145271035223729
33162,0.7852264574674371
33167,1.4862548997299947
33192,2.026031702579154
33199,1.222014896691403
33200,3.10941104072587
33203,0.2072457971552033
33213,2.2303440823708987
33214,0.6849700908502896
33227,0.3305608677484593
33229,2.418972476245572
33233,-0.06722529466371474
33234,3.386313852866715
33236,1.4733977847263797
33243,0.03503103962978442
33249,0.8174390684948334
33281,0.26258931865017576
33284,0.22259788307517808
33314,0.10501055570111562
33318,2.2061909186484954
33324,-0.8949008772449325
33333,1.0975426552782686
33337,0.13632727919962148
33352,-0.8488658680493575
33363,0.4932335826992792
33366,-0.4999998785374924
33376,3.2344396095935957
33402,0.2472071359672925
33422,3.481624881048041
33447,-1.0054937182531778
33449,0.5824697919759825
33483,0.6369511288943585
33498,1.8198018812500476
33514,-0.940585448217133
33522,0.8317469037467824
33527,1.1318033083374437
33529,0.5937001936612565
33535,0.8992965094509865
33539,0.5101724518444227
33540,-0.5378090852970377
33550,1.048089790143851
33554,2.798284774659427
34003,-2.5536180623006297
34010,0.914744018302305
34022,2.0217401182300287
34023,1.3362058906192362
34024,2.453335594241426
34028,-0.04859241595194665
34031,1.7133531380682225
34032,-2.333855528092531
34033,3.2303059009491975
34037,2.7548862378290924
34051,2.3962759685700505
34052,-0.17160695418179378
34057,0.18776459406560925
34058,2.7405228537098503
34063,-1.514647698736126
34077,3.5772562219827946
34079,0.6294951020581717
34081,0.5796562107107532
34088,-0.678884202950405
34095,1.9413071719427244
34101,1.1115425063963662
34108,1.1545964195061287
34111,0.3152932140571447
34113,-0.6723848807384698
34114,0.9686945378528492
34116,1.2099435305240547
34123,2.9936523950672695
34126,0.4663425820780171
34127,2.6324512366613937
34129,2.4008244737111193
34134,0.4501612425563374
34140,2.7229082788510444
34142,0.8671116458974879
34143,1.8803229952162082
34145,0.5056299073441771
34146,-0.7988266310128047
34150,0.27714326679806306
34151,-0.18932760627650294
34153,1.4097865328101435
34154,1.6045694729091757
34157,2.1859610115894443
34161,0.833080729055266
34162,-0.36248624224709597
34166,2.197333246046609
34169,4.066778515290266
34172,-0.7581531916440493
34178,1.4009377165391435
34183,-0.18655199018466825
34192,0.7134410173168726
34198,3.499926937693803
34199,0.6868892423307472
34209,1.2163920699756896
34210,1.7756605737856261
34213,2.149385360307995
34217,0.24911434319839368
34237,-1.1897712823906423
34239,1.480513721040952
34240,3.1833909907723927
34247,3.2084319222289324
34270,1.803580278811984
34272,-0.5864361340672785
34274,-0.08042398549271904
34276,-0.0723919025191937
34289,1.6759560467504329
34298,1.2598785178449416
34299,0.6651995403801102
34301,-0.05553710356589039
34324,0.9888832598216307
34327,2.9518290692398947
34329,1.384667431980961
34332,0.011874988271006614
34333,1.2510689948032518
34336,0.08341308831362512
34337,-0.3567841035095385
34341,2.1340008131365353
34344,1.2876954505347697
35012,2.7326756240753336
35013,3.2482576640325034
35016,0.47381418309328643
35023,3.384839371312405
35031,3.4897374632258886
35033,3.4062805810514787
35047,3.0646070157967036
35049,1.6805330608832343
35051,4.150020614844486
35055,3.183073923163849
35066,2.72430438165218
35068,3.14725970214649
35069,2.3596091368283814
35085,1.8415283772005426
35090,2.3357835322749607
35093,2.996462440300841
35095,2.676345884221706
35096,3.3636126744101444
35109,2.1594507290482716
35115,1.9443164696425903
35116,-0.11648637869506491
35126,2.4438780489636263
35127,0.39496214393925266
35130,1.1299770945364342
35131,0.5921747082600022
35133,1.7423485222943085
35150,3.8532566363729943
35162,2.2893032150893458
35167,2.9310276673124305
35176,2.5123674937419858
35177,4.467739155952274
35179,1.244650182796525
35184,1.4518029232434833
35188,3.4310646747840536
35189,3.774509777347151
35207,1.0009940963849657
35208,0.8899755805043824
35210,3.6802191580003183
35223,1.9513064562506302
35228,3.3974912417811645
35236,1.9490267949329259
35238,2.2553108787026623
35240,3.121751238902919
35241,3.7160246349450388
35245,2.416736696407667
35253,2.982031572169795
35256,3.392085377384203
35263,3.7701569329617626
35273,0.5538155371991613
35278,5.126847207487841
35281,2.425752312181301
35284,2.5789803849396913
35287,2.454044658452827
35288,-1.0824455481993858
35297,1.2998890829036729
35299,2.103759236710128
35327,2.6645822744710044
35328,2.806868271056124
35337,2.9530304958094837
35352,3.0994949656503485
35353,2.3941238241119427
35360,2.825715566413459
36006,-1.7411403765886058
36018,-3.744803624486311
36031,-1.3255016412915215
36044,-2.0981110991771477
36045,-2.120553879751678
36046,-2.2756108123880643
36063,-1.0520819273247894
36088,-0.7473526728121291
36093,-1.4724917961693773
36159,-0.036181542954131674
36171,-1.7775941359894254
36202,-0.6411997450193343
36228,-2.918575048321177
36230,-2.9286259648977935
37003,-0.9959934047027396
37014,0.6562947072646288
37015,-0.46779660732260864
37018,1.1235763343051175
37022,0.24845731089360407
37027,-0.47620888105151327
37031,0.785075147603165
37050,1.2905585464894522
37063,-0.5308595707591887
37072,0.3767416863814685
37074,-0.3256075475586636
37077,1.403800442496951
37104,-0.601278319022567
37109,2.205132935826216
37122,0.5521893123983764
37123,0.17515821612216106
37130,-0.5306114273730773
37132,0.3069574882766305
37139,0.13428473123243423
37154,1.9236994278146238
37156,1.4826550567280339
37159,1.4420963637936255
37163,-0.37130409451007035
37179,2.238545311916041
37195,0.2483391963634045
37203,2.6958065037646146
37208,2.448867791929201
37214,0.548617758420775
37225,-1.074657075750815
37226,0.5862488055025277
37233,1.5659248691362497
37243,0.4579306482351244
37261,-1.3785492416757528
37266,2.5395264743394335
37270,-0.4891467739674026
37273,1.6451493431075168
37281,2.5430269861720474
38001,0.9219655543602002
38006,1.5251470749581753
38012,-2.1142220742480755
38022,-0.5810407920831737
38034,-0.6384267494231699
38039,4.595207671136568
38052,-0.8819731024595242
38053,0.49028605331093156
38061,-0.30825434139081365
38072,0.23189208237125328
38075,-1.0730529024750441
38087,0.411986227248957
38094,0.5124059789166625
38095,-0.100607932342709
38105,-1.220024439805186
38126,4.222446587106522
38130,-0.34448614013668716
38140,3.469382241775172
38150,0.24885349666720127
38151,-0.07519497967231899
38157,1.6913993816587467
38158,1.9137438234496922
38169,-0.7545180987185843
38170,1.8828926331747404
38179,0.9695911458808378
38185,0.035134744467492096
38189,1.3409652472189808
38193,1.2996480264665362
38205,1.4555549853721197
38225,-1.277064449444555
38229,2.931240288630498
38239,0.38109102759565733
38247,-0.15424620048939244
38249,4.072373083781874
38261,-1.0743464170583525
38269,-0.24735300550813305
38276,1.403313743015366
38281,0.8183780924368522
38315,-0.3202635131373456
38317,0.8102609922547799
38344,0.10426904477570069
38378,1.6136927141838426
38382,2.1880220901838507
38383,2.0162181811667894
38397,4.986949048395079
38416,-0.4710059514650055
38421,1.2171703222192316
38422,2.594238846469209
38425,1.0242458245677633
38449,1.1427118788600128
38451,1.5951005494506876
38455,-1.3370318297292483
38457,-0.34279248213670704
38485,0.43844376589000184
38486,2.529225143328043
38487,0.5845237101826475
38503,3.0069299113838186
38509,-0.38010210664063904
38515,-0.5427543251323763
38516,1.6853516777824342
38530,0.5579100773903221
38543,-0.262625057602972
38544,-0.10868554862512644
38548,-0.517864223109196
38553,0.780914078024608
38557,2.4695377058727312
38559,0.7564457071821469
38562,0.8937170976981859
38563,0.9749132461824848
38565,2.1898224670333746
39013,0.14965638386819158
39097,0.033638364043617676
39198,-0.25001425397524385
39233,-0.09999998582082206
39300,-0.45179635720477956
39333,0.17996140044179995
39367,1.0654531538119254
39434,-1.0040146196931252
39470,-0.2465843315599045
39475,0.760666618394221
39478,0.0450295230381767
39500,-0.1695819269077506
40001,-2.431576782802385
40046,-2.5162584942901183
40065,-1.4927398614470535
40075,-2.8294975802732316
40088,-2.936963137354116
40133,-1.184867665506464
40134,-3.5080660784512654
40168,-3.2400668719717336
40184,-2.234549528046595
40192,-2.78956956688533
40202,-1.2299013507510252
40209,-1.329107856428997
40217,-1.6997760089344482
40224,-3.0253806793903624
40230,-3.105436686540692
40233,-2.0996638602808466
40243,-2.2206561719100093
40261,-1.6236043065891295
40273,-2.563011489169306
40279,-2.0298961976811176
40281,-2.044049513420854
40282,-1.2473013207213048
40283,-0.7460347572171143
40284,-2.2265176586926687
40287,-2.3957923244739625
40296,-0.7929167868096678
40304,-1.5665711264417579
40310,-2.3810880342762992
40312,-2.8777129565187503
40313,-3.2419467627640395
40317,-1.0577367917250515
40332,-1.6958426155185684
41018,-2.092060400881599
41031,0.8971910031628626
41047,0.9362374938578816
41067,-0.35391043840610475
41104,-0.42257128507156444
41106,-1.899704641393671
41136,-2.276591432101666
41149,-0.08157105195759627
41150,-0.4593088253092077
41151,-0.9261213195309697
41161,-2.171978443142767
41185,-0.7998920634048851
41194,-0.5012650805066928
41198,-1.363868627929055
41212,0.11009979416421353
41220,-1.4524024752162075
41232,-3.0886971884720253
41238,-0.14588327814715593
41269,-1.003496037846293
41280,-0.5223364478759571
41295,-0.17070400500397956
42005,0.348387941888418
42011,0.8564017507960701
42019,-1.1732722665918907
42022,-0.06792863563492793
42023,1.152446148158926
42044,0.6969786872441908
42052,-0.8517877673141993
42056,1.4441712298733094
42059,0.7912519230946831
42071,-0.3586176244500246
42094,0.4915375774623306
42095,-0.4372902471215589
42103,1.340407765617972
42110,-0.21583329524841122
42127,-0.29162673072844636
42147,1.2507820909984926
42149,1.775512092873932
42165,-2.053448484899684
42168,1.1254641890256187
42170,0.35363947224961145
42176,-1.8361561809378668
42177,0.6408398245459133
42187,-0.6388900325669786
42207,-0.17530298171326433
42218,-0.24159928879635126
42222,1.2407584405185348
42223,-0.24491092698828165
42224,0.9805885537054131
42271,2.2107364615604506
42279,0.0071701393035348395
42330,0.5242240294860727
42332,-0.14401424060195184
43012,0.2917651869508958
43020,0.8583610013467577
43025,0.818988205566118
43040,-0.8269236825539152
43041,-0.12436666474558103
43051,-1.4028452042860224
43080,-0.08040219928580168
43087,-0.6018524233797333
43089,-0.6343437543836099
43112,0.36799477836385275
43137,-0.10240237044556352
43152,0.7909076860850869
43157,-0.97817801383678
43162,-0.2728930002810632
43177,-1.2793279883346211
43190,-2.2019473733903743
43211,-1.4229305484287633
43213,-0.39235289307723437
43216,0.3134526814692075
43224,0.7687491239918689
43244,-1.1785821016171618
43251,-0.5905513481462105
43268,-1.0051002196903578
44001,0.37919459535908956
44005,1.5182742191276946
44010,1.3571516034662374
44012,1.76557091767109
44015,0.23710146958036046
44018,2.6057046947653895
44020,1.5526038211490882
44021,1.8045501861392534
44022,-0.31540307465507383
44026,2.471164602451353
44035,3.830099537666288
44036,0.5084787803211674
44037,-0.4868355585681061
44041,2.3869507027885524
44043,2.5452715313145684
44045,1.9808009978545826
44046,0.34421185994064374
44047,0.009153212704992498
44049,0.6727203630799649
44051,-0.14151952665251513
44052,1.8859571946710798
44055,1.0356233459517226
44056,0.04576250291059891
44057,0.9598462062211265
44061,1.0676203789759993
44066,-0.3984050802089961
44067,0.2579808051081609
44068,-0.9068027250026415
44069,0.14461689275117875
44071,0.9211676338376069
44072,-1.2927866637484573
44077,0.14981649007231507
44082,2.000142289681425
44087,0.06467539201349512
44096,0.5962915044890353
44098,1.0964350913480085
44102,-0.13937403637023943
44109,-1.2428383831548302
44110,-0.15296532355591086
44114,3.278714249036173
44115,0.7631636793222981
44116,1.511528985330839
44125,1.3579794926886748
44126,1.3498940605603473
44128,-1.2230401348492648
44129,0.6894983114033513
44131,1.3660171359514963
44132,1.6872317492780116
44135,-0.1332212149445147
44143,0.5245744325004222
44144,-0.6541763835598364
44154,1.101849774741437
44158,2.6489248607847378
44162,1.063275241382502
44163,2.110116603713408
44164,-0.34229865320896113
44169,-0.6995611544350198
44172,1.9547969268765073
44173,1.675237594107227
44175,0.771903789889899
44182,1.521135177575208
44183,1.9068709352033857
44184,0.24019693471677012
44185,0.34077306030372667
44186,0.7588198150575083
44187,-0.6494839361757517
44188,1.430773880226702
44189,1.8884661912351277
44190,2.4100077563593154
44192,-0.32553706692360523
44194,4.140621500895858
44195,1.427015769366562
44198,2.505305248655367
44201,2.7151300752938847
44210,0.03081612431117977
44211,0.7998126456251577
44212,0.7845933820982165
44213,1.4620044668424188
44215,1.9016675143784667
44217,1.8825083734644559
45004,-0.6235089326882933
45028,-1.2505815979196844
45053,-1.5130377630028082
45061,0.11204126460153359
45075,-0.575166787583522
45082,-0.6227281017613064
45087,-3.0240243800826887
45089,-1.0812753378137523
45093,-1.1993223333682341
45098,-1.0953420738701238
45115,-1.4237701997517458
45126,-1.4667347546745748
45127,-0.09613353556485796
45145,-0.7118518139099185
45146,0.18481298211896918
45147,-1.1635028746444964
45154,-2.3178569866137084
45155,-1.5309863913717592
45173,-0.30747399075388454
45188,-1.3272663569652405
45191,-1.3077417315447948
45203,0.9678227816271704
45208,-1.5800494582061326
45232,0.6140626062513354
45234,-0.4924287891166498
45247,-1.5369836748032766
45248,-1.555623041893874
45252,-0.6300706704218462
45254,-1.34959588744405
45270,-1.4816792643980212
45272,1.2578864971512802
45282,-0.016675730289417157
45284,-1.0302940638564455
45285,-0.37725717241438556
45286,-0.2663893072624709
45302,-1.0198524340077453
45315,-1.9988948401089304
45327,-2.5143548316210698
45338,-1.0711387612740637
45346,0.31691657043959914
46042,-1.2629956686242578
46102,-1.2718087804789178
46127,-1.3615992952763707
46128,-1.3026103895393835
46225,-0.2974679814146383
46251,-0.7963803223835568
46309,-1.2343898168049237
47001,-2.137095319134278
47004,-3.417737051765793
47031,-1.5691588191435353
47051,-1.7007784315202308
47052,-1.4323612832871024
47065,-2.6181574129946297
47106,-1.3634101431881518
47143,-2.4112282366934443
47157,-2.259590738535175
47168,-4.599708602823602
47175,-4.1597224453857224
47195,-3.2539838718866756
47201,-2.288643069772502
47203,-0.9616463726697532
47215,-0.7412405051496307
47233,-4.005111776872406
47280,-2.185168404206634
47310,-2.48328959254251
47323,-2.544652009546969
48034,1.1638854771204619
48061,0.4775553790903526
48080,0.7086144472993985
48092,0.787892669595979
48095,2.210675126219037
48099,0.10538530091411862
48140,1.814270091175625
49002,0.6205911386969507
49007,-0.4468207550536638
49015,-1.2869850247839225
49018,-1.1720532294710733
49020,-0.027105904814571903
49023,-1.1445398812598666
49035,2.4198015275228872
49048,1.4378682351397796
49055,-0.3065247258208629
49063,0.8164758592685752
49069,-0.7127624228417436
49092,0.29018655350754474
49099,-0.6966781706476114
49127,0.6001825920057874
49138,-1.0466379185358694
49160,-0.46442830317915174
49176,-0.803461508978917
49180,-0.8841368682657673
49192,0.053752393911275176
49200,-0.6102787981053279
49201,0.39921257047383857
49214,1.1125630926183412
49215,-1.4394838784129202
49223,-0.8118404622899049
49244,-1.8614885836941082
49246,0.5840838293808666
49247,-0.5600068168062073
49259,1.1058552065692744
49261,-0.731548485145417
49267,1.1268150029814847
49269,-2.2603666664229185
49278,0.277717516962547
49292,0.36183434902036826
49301,-1.2150481260898824
49307,0.866586913044574
49323,0.37334817855253377
49328,-1.7126035463006226
49333,-2.222337311539713
49343,1.1425827671989777
49353,-0.5555471643874863
49355,-1.31708104690811
49367,-1.2953277907965866
49373,-0.7804094284452024
50002,0.06642196882338179
50003,1.10511470436164
50025,-1.4288643325411428
50031,1.255405148787944
50066,0.9990765835418742
50076,1.0767574210853035
50082,-1.1848993534156784
50087,-1.7052282502617704
50099,-1.6006487565206604
50129,-0.7784261882330779
50139,-1.2826994007299568
50147,-0.47325844441114595
50151,0.29816948894744616
50165,-0.03184443221890332
50168,-0.6105203668599
50215,0.5182564238495854
50218,-0.847559957182529
50236,-0.4320453054481133
50267,0.5483375734261525
50359,-0.04126517775369824
50402,1.5317635805379406
50410,-1.9793854879901172
50484,0.15730071573849433
50502,-0.17942999294953924
50523,0.46332567788029266
50532,0.032672042061064735
50551,0.13891338917324608
50582,-2.3774294189562846
50592,0.4363170542600471
50601,-0.046242634838411185
50615,-0.7036416705876445
50616,0.12986076607703212
50639,-1.046756184129751
51055,1.1800247643240869
51058,1.4633830016246552
51108,-1.2931886315939214
51217,-0.663377811393117
51230,-0.637134990976079
51242,0.6789702929404935
51250,-0.5599250314917519
51380,0.12843775476530722
51454,-1.5785773328645842
51474,-0.3298430558908122
51507,-0.9521388927569744
51535,-1.4926105938654068
51559,-2.9333948259293203
51573,1.000619678965534
51649,-0.4260579198932337
51660,-0.1556268669897889
52060,-2.187157925058346
52121,-1.5032429359721062
52182,-2.251364310802024
52250,-1.8284138439005229
52269,-1.6621423156776238
52331,-2.2217370214559446
52448,-2.27685788919781
52550,-2.851509770503523
53003,0.06856328309143678
53005,0.23424863353087827
53034,-0.07991966385698646
53054,1.0011792206756838
53062,-1.3610472569169505
53084,0.02588003630804191
53096,-0.658345701439891
53097,-1.4147540975228106
53107,-1.3645372744039073
53119,-1.958157697921743
53130,-0.6114060725667527
53147,-0.05590413592700647
53161,-0.15668004974603467
53185,-0.21487365126431202
53201,0.30550390518770854
53271,-1.2559994740312115
54039,-1.6530782630060474
54090,1.0192740370002384
54150,0.7260791906442682
54184,0.04659740438121399
54215,0.7632538745954089
54232,0.135044000661445
54257,2.1071520583869576
54265,2.1109117045398555
54273,-0.9655363912789028
54304,1.6161636469130944
54318,0.8275560865902525
54322,-0.6424746891357508
54323,-0.5946608058352056
54328,1.485246147527645
54329,-0.06978823925539195
54357,0.25935036659681016
54367,0.8986155478038862
54395,-0.12387827655405018
54397,-0.7077362304259305
54415,-2.2719497587493356
54431,0.07575858445310678
54528,-1.8981475960489185
54547,-0.7690302402282999
54549,-2.5464608510232525
54578,1.683507660795194
55029,-1.8908613819867959
55122,-0.4482832372945575
55291,-0.3862819374742136
55351,-1.5953099785188918
55427,-0.6327947208204237
55463,-1.5124862602633269
55502,-1.6310287159507937
55545,-1.918853650956843
56001,-0.2904797558974622
56003,0.8050788086725842
56005,-0.08898201912698293
56007,-0.017945856275801652
56008,1.1377022117085616
56010,0.8968393771034121
56013,0.8723088711260465
56017,-0.48913588105894484
56023,-1.6475674033251249
56024,0.8906335612264562
56031,0.6374914255253195
56033,-0.3538663178235376
56034,-0.27208304063490385
56036,0.48886971598416434
56046,1.7139123059411765
56054,-0.08446532521473898
56055,0.9416095128511749
56057,-1.039383398679666
56066,-1.261524430250132
56069,-1.140072708566532
56070,0.6781591932298514
56078,0.8285113623378809
56081,-0.060833794586882574
56083,0.3843826658137991
56089,0.6559645871974279
56090,-2.0148594567328475
56091,-0.42718460329098307
56096,1.1060268966819087
56097,-0.6513092784128627
56098,0.11444006628970937
56101,-0.2989318048094981
56107,2.7464437279460094
56121,-1.0989486300597284
56123,0.6490808363282753
56124,1.1796949925208626
56126,-1.997691730284025
56130,-1.990420898531569
56137,-0.9058630212127404
56140,0.6725844867160438
56143,0.26967488251850247
56147,-0.05258380110251433
56149,0.8546390112294235
56152,-0.6425612911754384
56153,-2.15895431487399
56155,0.02696044290985955
56158,-1.6304213846870095
56161,-0.11990781341671423
56162,0.7705605102158468
56164,1.8822232270515493
56165,1.3689990802142498
56166,-0.660732764234149
56167,0.5296033855164742
56168,-0.22791837526751285
56169,1.3078820578074477
56172,-1.0303282894060535
56174,-2.0713279118863137
56176,-0.3998282937379983
56177,-1.4571245989559989
56178,0.10254738089929986
56179,-0.02737181289911992
56181,1.3772266482340947
56185,0.36347744922377984
56186,-0.9754217149897325
56194,0.3220235760054013
56197,0.5076637630719382
56212,-0.5815957155984203
56234,0.017007527297893198
56240,0.5892361293722411
56243,0.7989462646175124
56244,0.35742414379067233
56247,1.2005504164833438
56248,0.9251883091174513
56249,-0.6699690209023412
56251,0.9446204821652984
56260,-0.9047061139314543
56262,0.3828016670991533
56263,1.3199043795822871
57019,0.4331537283638099
57039,0.8884967670650386
57049,-1.3922930791962949
57089,-0.5283470211214701
57106,-0.8571734982655548
57124,-2.15412834197943
57132,-0.6609789131173891
57143,-2.6336617121370294
57153,1.4803472357315608
57160,-0.32219674913086865
57163,-0.9053997704976563
57207,-1.3040718698179803
57209,-0.9195561375849242
57227,-1.1212310043641807
57240,0.023166186715057557
57283,0.15805704045974492
57287,0.5254215362250614
57289,0.2760141914481028
57306,-0.9458617826753419
57368,-1.1266971032606667
57463,0.030927251432105684
57483,0.4188960008322913
57540,-0.3563123358743385
57606,-0.06461106041243095
57620,-0.5667561671090091
57630,-0.4916053117870807
57631,-1.390480828939046
57659,-0.22795899758720167
57672,-0.682035107186278
57751,-0.6417989298149382
57757,0.1004913421388669
58059,-0.3870862500098647
58079,-1.7091077335375904
58086,-0.5716986039440954
58095,-0.15950946389825033
58117,-2.620600412876876
58131,0.3774888692237256
58151,-0.7676183234633135
58194,-0.9779634636571984
58303,-0.37880054690002984
59009,2.4680007069786174
59016,3.209514572873536
59035,2.358967914501478
59067,2.2235598491286295
59086,2.2572872815093468
59090,6.748416539256475
59094,1.5359213412842074
59107,2.210442279347681
59122,1.4922844977414236
59136,0.16633481219752003
59153,0.09400274446724603
59160,-0.34114049159031734
59165,3.0719678919969984
59170,1.064334047405144
59178,1.939105072252073
59183,1.9811580641223625
59193,2.5011307993829774
59210,3.207591875219118
59220,3.4630447966746325
59222,3.8538267816918177
59225,1.4803598572612355
59230,1.674194229667749
59234,1.2988023364808736
59249,2.169352920243118
59250,1.6648340346211499
59260,2.5265214747216502
59268,-0.2524979592330125
59271,1.2125339735934166
59272,2.90558565269161
59273,3.146742610809691
59279,1.6531946046358512
59288,2.806998711715087
59295,1.3242070450858685
59299,3.847936151405085
59309,1.711079589993568
59317,2.5696939271901322
59331,1.0990121718303087
59340,3.580320007365367
59343,3.424396434792924
59346,3.368872733615197
59350,2.741333036776367
59359,3.1374741871715797
59360,2.7566814120645136
59365,0.9380312338008538
59368,3.95857355074194
59375,3.5734153879757242
59378,4.556696208161969
59383,2.8159263131158054
59392,1.1797467103508594
59401,1.3017794456153315
59410,2.2947644697585603
59416,3.4061222072170567
59426,1.9701822535525733
59449,1.755663918870167
59457,0.19288569849843712
59459,2.509928374948853
59476,1.8160162481726778
59481,2.910373597171503
59497,2.5182007508225603
59507,3.1441362425143646
59508,2.3601882031406287
59512,0.8653347311041267
59523,5.095045543550137
59525,-0.579066125348284
59526,1.5635433476264915
59527,0.48102355549470077
59560,1.6916173845711846
59580,2.9899180912146575
59588,3.751814380463975
59599,1.0274673984541463
59606,1.3687401930632719
59611,1.9178443596412589
59636,2.7063907077351983
59641,3.4936557498936116
59646,3.6740913119791885
59647,0.005611850597259882
59648,1.9702728788440236
59653,1.1103352848930466
60007,1.127192000567188
60057,-1.6543850858465148
60103,-2.2211957594870313
60139,0.6378066816330998
60141,0.8085928094908269
60142,0.5490124126436148
60151,-1.275505420275272
60155,-0.028856884525398186
60157,-1.1551438706655301
60159,-0.7599896029900064
60175,-1.6470737415844368
60176,0.667040351612763
60223,-0.8919272755327328
60282,2.8389184078105574
60325,0.089318431896205
60338,1.2865486642048625
60382,-0.5446627543587199
60402,-0.03152760308189917
60462,-1.1862004582752967
60471,-1.8325101623536255
60482,2.739824738607808
60509,0.12383201918802382
60524,-1.2908835293265355
60581,-1.6657430549544863
60584,-0.028173571020923393
60612,1.9364625976231236
60636,-1.0367114290691972
60665,-1.5380025638392836
60667,-0.7027549064737861
60670,1.2802211665882206
60684,-0.5745276065072188
61001,-1.1421647539976938
61006,-0.7281627614235171
61007,-2.2256250914821747
61096,0.4747504205130605
61116,-0.7056842595226465
61117,-2.152765301309751
61145,-1.8621796368645334
61153,-0.09636432135277824
61168,-0.5366377971235331
61169,-0.740388887573748
61211,-1.700989731930386
61214,-0.7150977812576942
61230,-0.9359754915639362
61293,-0.32326859090473425
61464,-1.0771372895670848
61483,-1.156717735369361
61508,-0.5080053936601056
62014,0.20121223778478647
62038,-0.2712171991828732
62040,-1.8149722337359246
62041,-1.3435117802279222
62057,0.9815774690763881
62060,-0.16421909027921303
62099,-0.08306534149727915
62100,-1.337939994720318
62108,-1.074988496247169
62119,0.1580464580911313
62126,-0.2869534001650386
62128,0.3063345227097188
62139,-0.019276458039790435
62160,-2.3043478884944237
62178,-0.43587273880379895
62193,-0.9162108220384889
62201,0.1710917183103986
62215,0.40915438830715356
62235,0.42469503194331093
62239,0.9998844226602044
62261,-0.02068469529007395
62276,0.6346307746262323
62297,0.46660713872905324
62300,0.3559445472720433
62318,-0.4457072612575102
62361,-0.5941195769796994
62397,-1.0575379258262056
62473,-0.9264113488349303
62498,-2.8336282514895763
62510,-1.1077055974018184
62528,-2.676072740888556
62543,0.2910183625433909
62560,-1.1099542179667403
62571,0.5313308457990564
62588,-0.2587615200924972
62604,2.3251446304308976
62624,0.21502786263315993
62643,0.11873543305828246
62645,0.6459946455446091
62667,0.15183970742987948
62688,-0.2435660135342459
62736,1.0989349435785043
62746,0.34270714840187394
62753,0.5852792296029661
62758,-0.7477458820019606
62764,-1.4757088135774328
62765,-0.3487955408955033
62773,0.1440506649663502
62774,-0.3825724474725066
62826,1.4542454791945956
62842,-0.8617379744943667
62849,-0.4449494174902638
62893,-1.6258686043638761
62894,-1.1453177936443342
63003,-0.09017711999155383
63014,1.5310302707056092
63026,0.9043370315604964
63040,-0.8598804406566017
63050,-1.308232584242776
63070,2.1016406820100495
63099,2.325061483841372
63103,1.7367777664152342
63113,-1.039229990675385
63124,1.0179687204551953
63141,1.971721155819197
63164,1.190021568582114
63178,0.2904629268658403
63195,1.1445920458115786
63214,1.2679585363304045
63262,0.8477799785903093
63265,1.9694060984358415
63272,3.3733164447616444
63284,1.5683821597141105
63291,0.8863140872626429
63300,1.2874550257764221
63302,1.8210227819406193
63308,2.796473666164272
63338,-1.0771233283892299
63345,-0.6083847471630158
63430,0.40850475588982665
63470,0.6330570275126414
64009,0.47505108786803907
64024,0.24754724889418536
64035,-0.20825366643312337
64062,-0.3512690807795901
64065,-0.08323125735434808
64068,-0.43030067060211774
64102,-1.4519128166466007
64122,-1.8660709814426255
64125,-1.3663765108938777
64132,2.4671823830589252
64160,-0.18635905712749268
64189,-0.7980321957400911
64213,-0.8600221057355427
64230,-0.9768873333597752
64237,0.393417879010464
64256,-0.5139971168784119
64260,-0.3565590181861122
64269,4.113563261111034
64279,-0.5696823875778152
64284,1.6593219457993862
64304,0.17122367025295143
64317,-0.8037340679203352
64335,2.1838345471374923
64348,1.6583809827466134
64371,-2.011630777658232
64393,-0.19216741301707999
64405,0.12908405154923497
64407,-1.3850799466985522
64422,-0.46005736817344955
64430,-0.4629458112113681
64445,-0.3111226321963061
64483,-2.6644567515740327
64495,0.08006940780569735
64499,0.48173571071383564
64504,-0.7996130838649131
64519,2.189392892378092
64545,-0.5099056163895443
64546,1.2598375587290007
65025,-0.25542953461361434
65059,-1.2306086713309132
65226,0.21442726365080683
65286,-10.584997986775896
65304,-0.19170751385900617
65331,1.3766565204034553
65340,-0.13650313105977466
65344,-1.86930934330109
65417,-0.11056927471895758
65440,-0.8568415419609359
65460,-0.5800875441706511
66003,-1.1016930147290902
66008,-4.295258672563769
66009,-0.2091866761008629
66016,-1.575341995437124
66017,-1.0732522860612492
66024,-1.197046716911046
66028,-1.2045053493711344
66037,-0.186917420374232
66049,-1.076331322059938
66053,-1.4446848748003986
66059,-1.077699751185581
66065,-0.09811929316715824
66088,-1.5370191442111243
66093,-0.04444319283061672
66106,-0.8320478345309257
66133,0.30015095799092323
66136,-1.6656057425450324
66148,-2.1406537844744986
66149,-1.807308076631292
66164,-1.2081846618596797
66168,0.31620328521189345
66171,-0.047958107585257995
66178,-0.5377695213738558
66186,-0.7720042526024403
66189,0.8929120780059492
66190,-1.8243310588097685
66196,-0.33555073015576864
66210,-0.2558975220781301
66212,-0.36546366964097626
66217,-1.554477425987525
66227,0.9187602132710223
66230,0.19124982824054818
67021,2.570814613202291
67043,2.29625580179849
67045,1.8028745758372153
67046,2.0578710055574057
67052,2.4092997372150107
67066,2.1510853622572736
67073,2.696193049525641
67084,1.8462095412699466
67101,4.397038189338764
67118,4.50786277648566
67124,3.040109797660249
67130,3.246400764138934
67131,3.6667682469029828
67137,2.1794462333363396
67151,4.279097675368794
67152,4.307784811700577
67156,2.864934585763833
67180,3.159904815700279
67205,1.5987001663730465
67212,4.745949193721898
67218,2.9946609964404574
67230,4.112880019792657
67261,2.7760637526307326
67267,1.8314275326866973
67268,4.942592488285385
67281,1.4544285080912442
67296,4.968958794498805
67300,3.514128253314751
67302,3.8079016309823324
67305,3.9376721653690856
67309,4.987096710627301
67313,1.728496191847625
67324,1.8917547397961854
67348,2.4158706289795284
67365,4.031090565338787
67378,3.4600909643276934
67389,3.286328212711203
67405,4.274655201125642
67411,2.979077256608524
67437,2.9980162173588107
67445,4.425860264257917
67447,1.7466709299767047
67458,4.075665323606335
67462,3.1644686922648155
67463,3.8139026847942112
67471,3.374123258752134
67472,0.6673802446828916
67478,3.921637198915036
67482,-1.0039119265739525
67495,3.0222918376883494
67506,4.735351588920492
67519,5.538594574821559
67520,1.6702089636344906
67529,1.4320739981615949
67539,3.1620008742291486
67544,2.111707411217668
68004,0.004332428198319161
68021,1.1165975505238306
68028,0.4663118089289088
68036,2.051079105626335
68042,2.530239199716594
68043,1.4850039280033909
68056,3.1428615971144502
68058,0.9033301190381161
68062,0.7558153765554186
68063,1.2311196978878496
68066,0.30625279435110314
68091,1.6308810426886278
68112,0.6866174758104988
68138,-1.2595636649467796
68145,1.907826933085607
68146,1.8738813305546103
68149,1.9799010636616654
68154,1.757168646010157
68156,2.4013674721997478
68162,0.6027299965981336
68163,1.6071376426601405
68166,2.100698001827011
68173,1.5661464393246183
68195,1.255097699408752
68201,1.9903012570509584
68218,1.4269984309346486
68224,1.0026908576892004
68226,1.7247353282284181
68249,0.25816511370525597
68258,2.534226462392204
68269,1.5536683301101315
68278,1.279287461396482
68287,0.6402872530686353
68292,0.7233460244483105
68295,2.8381245393915195
68297,0.5401825248685501
68298,0.7657669800330791
68300,1.254249091773143
68315,1.0754919914237546
68318,1.6411063196989173
68334,0.886893780635851
68338,2.0036586389218454
68349,1.4156266581293906
68352,1.0085846602380086
68374,1.8202260362736808
68376,1.9934242429407487
69003,1.5064248743711726
69007,2.783844423697612
69009,2.3018256244165998
69019,1.2320482223960474
69021,1.0837032954639876
69027,3.8854525621464453
69029,1.8976937019782916
69033,4.026262546739903
69034,3.882663824582644
69040,4.106365730448016
69043,3.924958208383321
69044,6.573855784106324
69050,1.084626866431829
69064,1.8344930598732425
69072,5.005766740817641
69081,3.621568783500849
69092,0.38592757326078475
69115,2.2233316995614443
69116,4.087965021254203
69121,2.4169019487088748
69123,-4.70711165132899
69127,3.5552097649441534
69133,2.034657152060003
69141,2.836269041186264
69143,1.8236584500777782
69149,1.5967859542473342
69154,4.09917917654058
69177,3.6437632486864096
69191,7.934610244188962
69199,2.232156725469442
69204,3.551145677026919
69205,4.8263070132920145
69207,2.9455764426995903
69208,2.188420606050433
69227,2.6830595680323617
69238,1.0462880591698527
69241,2.568365953654141
69243,-1.0630982798850392
69244,3.119538927484265
69248,1.6620695810109116
69256,2.09656298352893
69259,1.6087887514673067
69264,1.4303099474922827
69266,1.658138553059755
69267,2.837234877787832
69268,4.266203705629442
69270,2.969356478539092
69271,4.621802232594073
69273,1.94952927070895
69275,1.676107380595679
69277,3.3279053338851243
69279,2.6153505668426074
69282,2.7247536194265445
69287,2.6839595313302143
69288,2.258413050126476
69289,3.8849261274911653
69290,1.3577443369885633
69292,1.5418530559294297
69296,4.186073710825395
69299,3.1603897444107574
70120,-1.4285355226187355
70279,-1.1510082918151807
70311,-0.15853123209217435
70421,-1.9504881955580238
70447,0.6286543757500228
70451,0.2785841964930972
70467,-3.1062005293500086
70513,0.5501372038046118
70550,-0.7719092306744472
71014,-0.5531477761928109
71047,0.3561278916156055
71059,0.37528205441080675
71070,-0.07938727341713232
71073,-0.4636238187703589
71076,0.09513596563414137
71081,1.2340725073134113
71106,-0.8020064824747145
71120,-0.9382361133820074
71137,-0.5459412583928392
71150,0.2593694811770838
71153,0.5176695938827077
71176,0.6433852446864199
71190,-1.3913924694835065
71215,0.07938893936005978
71221,0.6975092257843948
71263,0.197081613957726
71269,1.4518131163968804
71270,-0.7951062913156393
71306,-0.5084765606351653
71310,1.5359081751767119
71342,-0.6420690852827147
71360,-1.8922762202566503
71372,0.5536073609083655
71445,1.4745602044294128
71475,0.8872642555297148
71497,2.067158202454923
71512,-0.3333038396178646
71543,-0.21733782739804633
72008,1.6403685626892819
72035,1.2439399281742303
72124,1.3488603033930393
72132,0.3561953459343469
72154,-0.5529463052593417
72176,0.013694987800811454
72180,0.6897097522967726
72181,0.1854883005416339
72191,1.0136988662329023
72213,1.8270713671219205
72217,2.1550815466215902
72223,1.0781189363746964
72260,-0.6533089218841626
72264,0.560681655978829
72269,-0.21326095337443238
72320,2.4862135547531783
72334,1.139514781746644
72344,1.9353459704849338
72346,-0.2633580380046294
72373,-0.8777831652098683
72386,2.837374071943027
73006,0.5506499138226925
73008,-0.607555533158638
73011,1.0894823592905207
73034,0.4400026869697421
73043,1.8733598865573238
73051,2.4759435593377406
73054,0.19222766631231042
73064,2.2132292184128977
73065,-1.4470448194415417
73124,2.533543430626534
73128,2.3332963473945982
73150,0.4774679345423759
73154,2.696439894051836
73157,0.41052856951655886
73171,0.3793575547302871
73179,0.9181731509862013
73181,-0.14756548748441806
73187,0.4165487751912627
73191,2.3641122552777367
73213,2.142042860631231
73227,1.2225071000923717
73248,1.27190969273418
73257,-0.17042726317524065
73261,1.0890147465779427
73270,0.591853674246652
73285,-0.026340184577473225
73296,0.09303550691604483
73300,2.2234272112276807
73303,0.43976694075383715
73328,1.835184246044952
73330,-0.57464058256031
74002,1.9696410732313627
74008,1.1197235917842523
74010,-1.4393236346809344
74012,-0.028890721467217273
74013,1.514170885392931
74016,1.3920340683672077
74019,1.2989417819544422
74026,1.9103337982207926
74040,1.9625115595837959
74042,-0.5582034246122881
74043,1.5467579437770145
74056,-3.2053433109123204
74081,1.2864993260756867
74083,2.031454974070473
74096,1.1883171919364166
74104,0.864507382578835
74112,2.3853313770683817
74119,0.32278754327876646
74123,0.8925367661325513
74128,0.7763587649161228
74133,0.9026289199082751
74136,0.4168325022627462
74137,0.5745514169387296
74143,0.5539902283692546
74154,-0.02644780314280316
74159,1.32760244106202
74173,0.8296091860254897
74180,1.50436686496874
74183,0.9651354683365205
74191,-2.941280169369987
74200,2.4161186301654523
74201,2.539411495062234
74208,1.1862549918013812
74213,1.227892635858547
74218,1.4935257187004751
74220,1.8337594822398213
74224,0.6049054601522139
74229,1.6565445114130628
74236,0.02597502201914951
74241,0.7659894002206926
74242,2.388933252245394
74243,0.15106389295968597
74249,0.7836505353340113
74256,1.4256829850657002
74258,0.26601697134431834
74263,1.0971874191408548
74264,0.02416948846215252
74267,2.2288799575643665
74269,1.2106797045196747
74275,1.2285406750558838
74276,1.7539972057591942
74280,0.07975122758624172
74281,0.9666261197270145
74293,0.5619842046439423
74299,4.63661735273468
74305,1.2316534991264019
75056,-77.75929092274976
76035,-0.48555670081903235
76057,1.5698756524804638
76101,0.9557780976610151
76108,3.85160048748005
76114,0.7008099350397117
76159,1.5049834501180084
76164,1.9196884132830903
76178,0.1136608866890874
76192,0.12300649313378056
76217,-0.3301309167734826
76255,0.5977334571945906
76259,0.2626253516735965
76276,0.3351084923664157
76305,1.432341702676767
76312,0.057718266883891436
76322,1.426359539127049
76341,1.5607536557642123
76351,0.2800997266662054
76377,2.6491735616679364
76401,1.608108605153341
76429,2.2296471726590332
76447,1.0235077787294857
76451,2.106874282894665
76462,0.5279170859989144
76475,2.1558419094838968
76476,2.184744343652331
76482,1.6795161911902146
76498,1.2862039478216853
76540,1.337471448892737
76552,3.9957707327860055
76575,0.08259553669089192
76618,0.9588167120230431
76647,1.1100245056913325
76655,0.7294586888450223
76711,-0.757738368177926
76758,1.6738054772107644
77014,1.4955762522860485
77018,2.46415866603624
77037,1.5508652245768773
77048,2.099837232049713
77051,-1.2219379188709183
77053,1.7219934635971472
77058,2.497126157053251
77061,1.2258199713145952
77083,0.6318011869562049
77085,1.774095130927862
77088,0.9074512701107131
77096,2.2580158485618074
77107,0.6250041420284622
77108,1.5220681853222076
77111,3.1215538354319925
77118,0.8838203231982625
77121,2.4898041458020943
77131,-0.4260101269051796
77132,2.87400157637569
77142,2.0546152589384756
77152,-0.24750400214234514
77159,-1.7439775645812354
77169,2.168206699460991
77181,2.8205534279252165
77182,-0.7120399166778215
77186,2.1521832020783673
77192,1.38402733211982
77251,1.2907250822824154
77258,1.4978600380736247
77268,2.789503559444185
77276,0.8079168673000231
77284,-0.06827894360842506
77288,1.2254338268740217
77296,1.1362638878929834
77307,1.220897145506458
77316,0.6998568875286683
77330,0.44214965083158464
77333,-0.7819967470788897
77337,0.057595011662343834
77371,1.9322642764640094
77373,1.6953196293666302
77379,-2.406063605592648
77389,2.0303775066954
77394,2.5868030105338033
77420,1.8625369131000977
77441,3.5516743602713357
77442,2.5954804811908465
77445,0.021947592314674375
77449,0.44471263027597774
77458,1.0244641414953564
77463,0.20928459765108037
77468,0.43799812682005895
77470,2.0596682561049393
77475,-0.38475127964350153
77479,2.140956603058734
77483,2.0167299860463244
77495,1.8079113978312136
77513,0.11019809696985354
77514,0.14303616786861922
77517,0.2685852581472281
78090,4.3962180842167715
78092,8.61990265981111
78117,6.9830978763404685
78123,4.821271834104563
78124,7.808825986600887
78138,2.847870495504382
78146,8.483770828693508
78158,7.091989970250504
78160,8.250572277068432
78168,2.96578266815422
78172,5.030294819282508
78208,5.188618115967681
78217,5.127822315370194
78255,4.384600420287528
78297,5.902393742287197
78310,4.399522016489681
78322,9.729654878004208
78335,2.6431159637091737
78350,9.383239571167653
78356,4.853903368964923
78358,7.813024677547013
78361,3.881077527560163
78362,1.068547886880224
78372,6.2108355441986305
78383,4.624009925149254
78418,7.80624354588254
78423,4.975708477483898
78440,2.7868000526279895
78442,5.836906057264904
78466,9.686513741374013
78490,3.981564055560054
78498,3.8234856224507814
78502,4.937717230635288
78517,5.0165474744058605
78537,5.214912742465544
78545,5.028433239220971
78551,8.906688144028685
78575,6.9651263982952285
78586,4.388139477707215
78621,2.837308925553308
78624,4.2058527725133406
78640,5.122669341566542
78642,4.501850442788453
78644,2.7439777341069993
78646,6.365556380198185
78672,11.95743970579656
78686,7.060085789409413
78688,8.400740468219258
79005,1.5636424778420945
79013,-0.3853415775012456
79048,1.0829749658938344
79049,0.7162361908122092
79061,-0.43624101135093485
79079,0.2223664170905418
79080,0.5926013431405275
79081,3.1060821010712227
79083,-0.9352286306868219
79100,0.4256689363833317
79101,1.6082848661093974
79109,0.9053960749827006
79162,1.949679301628087
79170,1.7803001858166556
79174,1.4042172463799176
79191,0.5094191459577835
79202,-0.31572558303812065
79270,0.7246867719799883
79322,0.8293264575291156
79329,0.5650735966241192
79355,1.6243353030462562
80001,-0.19306789487349701
80016,0.8554850420903675
80021,0.593393132828092
80182,-0.11020554770885993
80212,0.7570079426951619
80228,-0.8040560394583993
80368,0.8623011359057788
80373,1.0304779303407448
80489,0.24413126127984652
80533,-0.016607488216228206
80570,-0.614281184336725
80620,0.22845787271213175
80630,-0.8801388522532883
80685,-0.004751444905978186
80688,-0.17981149380137385
80721,-0.8391525599499297
81004,-1.4656455526459147
81038,0.5003173813300023
81042,-2.593025924995797
81060,-1.622450251119782
81065,-0.7017323506200586
81099,-0.5175646090335413
81105,-0.4663719997836668
81120,-1.2623334212833843
81124,-1.0982206101884637
81140,-1.1525324463910724
81156,-0.36430418760438144
81163,-0.19481372536322772
81218,-1.0093901939476326
81220,0.6174674456224445
81222,-2.18340763606895
81271,0.4689476527571398
81288,-1.8648408577856688
82002,-1.9721386197959094
82013,-1.8857524228916414
82033,-1.1961753421311347
82037,-2.4923479550054095
82075,-2.2474640936426846
82087,-0.642157817511718
82112,-3.6722373816145115
82115,-2.5827080357796035
82121,-1.388854711311113
82125,-0.2163834273978864
82134,-0.9371384763300842
82169,-2.575607790297704
82179,-0.6665124715497678
82186,-0.931460456121546
83001,2.570407561812874
83004,0.5601067547731661
83007,-0.40432438651427577
83008,-0.07350034900764285
83009,-0.03375180710384611
83012,-0.5720089434510987
83019,0.6481419716673962
83021,-1.4475557353916557
83023,0.7267370957312375
83027,1.8985120379588403
83031,0.5287071046405717
83032,-0.8543223070603083
83033,0.1308301899139151
83034,1.413008156381694
83035,1.2999422708420265
83036,-1.0322692394630466
83042,0.36020630922746194
83046,-1.0805918472592062
83048,0.46414586891407905
83049,-0.9290245915099813
83050,-0.5181298595763095
83054,0.19250920679334027
83055,1.1429354613131795
83056,-0.8800978925514192
83057,1.478191172540648
83061,-0.8819155255886907
83062,0.09661952639993725
83065,-0.20299361649776437
83068,0.005715205368286747
83069,-3.4846521105990567
83070,-2.024643410381034
83071,-0.5861627316527864
83072,0.07710221174664958
83073,-1.7414940876838727
83077,1.7295697895280593
83081,0.17578787702135057
83085,-1.1671908828878876
83086,-0.03405988225877736
83087,0.9204360992562854
83088,-1.2706062847909507
83090,1.6181412911699127
83091,-1.6035413191313448
83092,-0.17610442595147796
83093,1.6609853067159914
83094,-1.8004825551437047
83097,-0.4364263014731883
83098,1.298949141178534
83101,0.06155144156382901
83102,-0.1955552783365236
83104,-0.9032206561300585
83106,1.4280268570127883
83107,-0.8166174434493249
83108,0.03218600280028323
83112,0.9600988784162443
83115,-0.9325171769971622
83116,1.1333335597162584
83118,-0.5831583907733444
83119,0.4303437090525738
83123,1.3304635746644287
83124,-0.0003214792877562822
83126,0.3926696808565361
83129,0.5288962113431148
83130,-1.1934479535197962
83136,0.22494424884973893
83137,2.3256588343929536
83138,1.3437227467927981
83140,-0.9671085089013103
83141,1.5286043079202714
83143,1.6904194594411208
83144,0.6094264481877472
83150,1.7647060054429677
83153,-0.01938988744087694
84003,-0.07848616848123437
84004,-0.8217149665538674
84007,-1.0378220160558298
84012,-0.6222551595741251
84016,-1.6576459248849151
84017,-1.0021350786535101
84019,0.47088453840542693
84026,0.22964769221419096
84027,-1.257406249047244
84029,-1.5097638243520481
84031,-0.3126670903359076
84035,-0.44161798754957393
84037,0.2278877145872392
84043,-0.10296125412994628
84054,-0.2057955480565195
84056,0.05293827881263034
84064,-0.5773748320939213
84067,0.6535659542805937
84069,0.43786784325361444
84072,0.03449754917395243
84074,-0.571918156799777
84080,0.4313865556999924
84083,0.1252983989977367
84087,-2.2101552070069133
84088,-0.2826804688767196
84089,1.9414934946316211
84091,-0.3415977997636349
84092,0.6054543366693393
84099,-0.5577693191999045
84108,0.5461968127082159
84118,-0.11049974560412279
84119,2.844096386016691
84122,-0.9168578264245039
84127,1.1793935760077197
84129,1.146180732468775
84133,0.8123890513769985
84137,-0.9726331560546699
84138,-1.1806675673767582
84141,-1.635688514460086
84142,0.44632091511393773
84147,-0.8982520774374365
85003,-1.1621445267035797
85004,-1.1696373903431643
85008,-0.2807085447870827
85012,-1.5772239278286495
85017,-3.593234408649221
85018,-2.0974463305567244
85020,-2.1697207231227926
85024,-0.4589726071574427
85025,-2.786919711893925
85029,-2.9617903938405865
85031,-2.7081875147437615
85034,-1.120797482356122
85035,-1.4969404149500363
85038,-3.520899270233514
85047,-1.7965799627434733
85051,-2.062630482495985
85064,-2.8832379053566175
85065,-0.6650125448873325
85070,-0.908698401290914
85071,-3.0094657058647365
85082,-1.3881444348177374
85084,-3.1830550829777695
85088,-0.7424861085928407
85090,-3.7301608106575066
85092,-0.8000969171904935
85096,-3.5788828602404847
85100,-1.0567119134724245
85103,-0.8602187025287422
85108,-3.4028452021474265
85109,-2.137358860888393
85112,-0.5638753649770493
85113,-1.2338965383889298
85114,-0.7380837026078243
85118,-3.3497874922372914
85127,-1.4292155284261476
85128,-2.541718442624878
85129,-2.6212750296433653
85135,-2.4039985890907296
85146,-2.560680566296511
85153,-3.7773726014079188
85155,-1.1001722145636084
85156,-0.811408157194772
85159,-1.3307695049807837
85160,-0.6771308152250242
85163,-2.823489150134178
85164,-1.3135082398780245
85172,-1.90124500075894
85182,-2.2625553572824737
85189,-0.9398967847402911
85191,-1.4270869572837133
85194,-3.8644627259263586
85197,-2.6453844078707234
85204,-2.453330612450309
85210,-0.9911433122949034
85213,-2.7998983236876986
85214,-2.625435381986989
85216,-3.768710011482811
85221,-2.0473273099254428
85222,-1.3092632232835082
85223,-2.0337764621410486
85226,-2.5756323259168203
85234,-3.6094414726893254
85238,-0.5588886883664627
85243,-1.2336537809658779
85255,-1.1172572007161758
85280,-2.3323383823190533
85288,-1.5711129016783063
85294,-2.2308558338945
86016,0.32077433530719296
86062,-0.9903108174887034
86066,-1.2514961235503186
86070,-1.5192771727526722
86078,-1.5304342913001598
86095,-1.544525196534476
86133,1.0155430857029768
86137,-2.7350812429417184
86139,-0.6890284450366282
86140,-2.353294808244701
86157,1.177003704721444
86160,-1.3272223479306011
86163,-1.999628746530486
86194,-1.5859508588162758
86213,-3.0965706345592956
86214,0.83182137764329
86222,0.5619284875458536
86293,-0.15663940498256565
86294,-0.6422900604756221
87001,-0.8023985012029075
87002,0.36508638790015524
87011,-0.6765225248205157
87014,-1.5439570805783132
87041,0.10084000389617236
87064,-0.9421702271788824
87065,1.7478513972523397
87075,-0.3393496615853425
87085,-1.2921734806842342
87106,0.45138030367683724
87110,-0.8672874339013565
87126,-2.4649412937363975
87154,-1.6603884559090027
87161,-1.7506499131863316
87178,-2.5978169765968597
87187,-1.0204055922621564
87202,-0.6861264549302303
88009,-0.2675113389732832
88075,-1.1253813316710297
88078,-1.9557240855238276
88090,-0.6028246843795512
88114,-0.7859190934257461
88116,-2.4391469519930036
88160,-1.0988269807927105
88165,-0.056708723810308594
88181,-0.6073569014137414
88196,-2.9115356813354505
88218,-0.5968401111070843
88319,-2.333129933453864
88321,-0.33701128347634923
88367,-2.3308337945070305
88369,-1.2373951443434097
88372,-3.1800071081006083
88383,-2.130129973880643
88408,-0.5013271371905186
88413,-1.9293107003022552
88429,-1.147637861906372
88447,-2.653022065595926
88468,-1.7063745497897425
88486,-1.535962907714365
88487,-0.4213017672289219
88513,-1.1880023769172139
88516,-0.4598500744470547
88530,-3.053861014574379
89013,-1.247433767298888
89024,-2.9308380296458703
89025,-2.342213771457195
89068,-2.9076384137706532
89086,-1.7235845468171616
89102,-2.1521087419101983
89206,-2.731441980491913
89257,-1.371806490791322
89263,-1.0569145781347704
89309,-1.5000091163142701
89338,-0.6339129208953823
89345,-2.0321905754918856
89346,-1.1928236856021301
89348,-0.999938826266116
89387,-1.9885661125641196
89418,-3.567663185450987
89419,-1.3714445326790887
89464,-2.120344579950392
90008,0.8085200791382524
90010,0.3814196095339802
90032,1.825472185526192
90033,-0.2918119095124825
90052,-0.005976306184312985
90075,1.9593265689847132
91021,2.1113599214952314
91027,1.0879883330767435
91097,2.5022535199282885
91103,2.3174914035752296
91105,2.923001598324393
91122,2.288238844882777
91161,2.113909718543423
91174,-0.24922586721855344
91179,2.800651924810596
91200,1.7350158123120138
91216,2.624224339415382
91223,0.5099289444932837
91226,2.5654001034333835
91228,0.49271563515879757
91235,1.4677002469408236
91272,5.321647979587249
91275,2.8089989810300198
91312,4.3475226657257995
91315,2.889196827123866
91326,1.8006086163421327
91339,2.926056394920541
91340,2.013445433320932
91359,0.14939448258541943
91377,1.252944672227475
91386,1.6910302687027354
91405,1.7683707773269284
91425,3.243454116200103
91432,1.540742823884749
91434,1.4130126869411606
91461,1.0306652574588593
91468,2.8134897132129977
91471,5.174880484276585
91477,2.9726478607212354
91479,1.7642382688073468
91494,3.71254912471145
91534,5.5041492293528425
91540,1.9710800828294708
91549,2.560114815063147
91570,2.2188948368607764
91587,3.4206660981853254
91589,2.915982379902324
91617,3.1202776246557655
91645,5.675776821455807
91649,0.7339201480826075
91657,1.9630058761450269
91659,1.1102406443481772
91661,2.379194789117105
91666,3.282553801232912
91685,1.2053775642871192
91687,1.4619579563112803
91692,1.3658103806966437
92002,7.227681960448805
92004,7.131484239092377
92007,4.01591422999093
92009,7.176034929719892
92012,7.838057318613077
92014,7.2415023229646
92019,5.660550824862815
92020,6.4559529945374505
92022,6.2509718772487615
92023,6.627203679255379
92024,4.429098356451454
92025,6.1924369153518795
92026,6.779785930941728
92032,5.828349766767045
92035,7.177629814821678
92036,3.464853984682416
92040,6.477499489622545
92044,8.82338436012154
92046,4.8744575469925495
92048,7.958726219309225
92049,5.590795821488236
92050,4.4683554101824825
92051,14.125593752585868
92060,7.031321532170326
92062,6.3320293235161405
92063,8.001491957330648
92064,11.04871649135477
92071,9.224495422352579
92072,8.637677854556292
92073,7.401549999365022
92075,6.209868840380166
92077,8.8925952160108
92078,4.652027747886036
93001,0.015112684758876106
93005,1.89119962861771
93006,1.6841540015456355
93007,1.7387796772242332
93008,1.399260694982058
93010,0.8462228551322353
93027,0.725906734966283
93029,0.7775834871745984
93030,1.9576680462484095
93031,1.1526353798339495
93045,2.500711200298257
93046,1.4183721235183466
93048,1.1502729249881487
93049,2.3526852598845567
93050,2.5865258992188678
93051,2.655980892500999
93055,0.6629628547745253
93061,1.3380789820460266
93063,2.7236875104954477
93064,1.1836407404002058
93066,0.30615854442614976
93070,1.518904133434863
93072,0.38977484359156633
93073,1.9974653388488839
93077,3.3463404973396225
93078,1.10995340402739
94001,2.9722542531476064
94002,3.322123661122503
94003,3.6952205282465656
94004,3.8690264022060616
94011,3.6524803252041425
94015,6.402027887149461
94016,5.235151691234714
94017,4.057585196343679
94018,4.828536677964312
94021,2.9827210338248173
94022,2.9675775125987864
94028,3.520849525361817
94033,5.622772154918033
94034,3.946527883975172
94037,3.5457532433113244
94041,2.3307604221498432
94042,4.623907276466706
94043,3.96888180788171
94046,4.17084346161218
94052,5.965691083373403
94054,3.2556905138963144
94060,4.504396609816122
94065,5.177832769892534
94067,6.409505183609019
94068,6.113079497245744
94069,5.376357169394276
94070,6.363043296695674
94071,5.419463470947495
94073,4.597755447868174
94075,5.340614525982607
94076,3.6345007303691963
94077,3.7557448871828747
94078,2.957960479531004
94080,5.464015772268266
94081,1.7139343155243023
95018,0.9401466985546106
95026,1.4069569079839248
95039,1.9379592950020659
95063,1.0934989208002996
95127,0.6848071247089912
95149,3.3077830217279294
95205,2.3742844929146316
95210,4.582281636502477
95219,1.1919300662949737
95252,2.216526066107882
95277,0.04316363749515899
95280,0.690680173207685
95306,2.6528811682060085
95313,3.883705196760194
95323,-0.6321899451865862
95352,3.68810402927585
95355,0.9059428256980275
95394,1.5620556462981239
95476,1.4635846207262653
95480,3.805486869594236
95488,1.4702077030682956
95500,1.6375752641140942
95527,2.393407246894088
95555,2.212839968001046
95572,0.5571528851866189
95574,4.489493803066856
95580,4.677313868938517
95582,-0.09184614358005097
95585,0.6079393284127785
95607,1.9254293422984805
95612,-1.1538242659380686
95652,-0.11135286878454735
